escenario,cluster,cod,sistema,anio,balance_lps
SIN_PAAM,CLUSTER C-1,MEA01,ME-A-01 Tres Rios,2024,-240.83
SIN_PAAM,CLUSTER C-1,MEA01,ME-A-01 Tres Rios,2025,-258.4
SIN_PAAM,CLUSTER C-1,MEA01,ME-A-01 Tres Rios,2026,-289.97
SIN_PAAM,CLUSTER C-1,MEA01,ME-A-01 Tres Rios,2027,-322.29
SIN_PAAM,CLUSTER C-1,MEA01,ME-A-01 Tres Rios,2028,-356.5
SIN_PAAM,CLUSTER C-1,MEA01,ME-A-01 Tres Rios,2029,-392.2
SIN_PAAM,CLUSTER C-1,MEA01,ME-A-01 Tres Rios,2030,-429.26
SIN_PAAM,CLUSTER C-1,MEA01,ME-A-01 Tres Rios,2031,-467.59
SIN_PAAM,CLUSTER C-1,MEA01,ME-A-01 Tres Rios,2032,-508.78
SIN_PAAM,CLUSTER C-1,MEA01,ME-A-01 Tres Rios,2033,-550.84
SIN_PAAM,CLUSTER C-1,MEA01,ME-A-01 Tres Rios,2034,-593.77
SIN_PAAM,CLUSTER C-1,MEA01,ME-A-01 Tres Rios,2035,-637.61
SIN_PAAM,CLUSTER C-1,MEA01,ME-A-01 Tres Rios,2036,-682.38
SIN_PAAM,CLUSTER C-1,MEA01,ME-A-01 Tres Rios,2037,-729.37
SIN_PAAM,CLUSTER C-1,MEA01,ME-A-01 Tres Rios,2038,-777.37
SIN_PAAM,CLUSTER C-1,MEA01,ME-A-01 Tres Rios,2039,-826.41
SIN_PAAM,CLUSTER C-1,MEA01,ME-A-01 Tres Rios,2040,-876.5
SIN_PAAM,CLUSTER C-1,MEA02,ME-A-02 Guadalupe,2024,72.85
SIN_PAAM,CLUSTER C-1,MEA02,ME-A-02 Guadalupe,2025,6.5
SIN_PAAM,CLUSTER C-1,MEA02,ME-A-02 Guadalupe,2026,2.6
SIN_PAAM,CLUSTER C-1,MEA02,ME-A-02 Guadalupe,2027,-1.1
SIN_PAAM,CLUSTER C-1,MEA02,ME-A-02 Guadalupe,2028,-5.06
SIN_PAAM,CLUSTER C-1,MEA02,ME-A-02 Guadalupe,2029,-9.19
SIN_PAAM,CLUSTER C-1,MEA02,ME-A-02 Guadalupe,2030,-13.49
SIN_PAAM,CLUSTER C-1,MEA02,ME-A-02 Guadalupe,2031,-17.96
SIN_PAAM,CLUSTER C-1,MEA02,ME-A-02 Guadalupe,2032,-22.76
SIN_PAAM,CLUSTER C-1,MEA02,ME-A-02 Guadalupe,2033,-27.66
SIN_PAAM,CLUSTER C-1,MEA02,ME-A-02 Guadalupe,2034,-32.64
SIN_PAAM,CLUSTER C-1,MEA02,ME-A-02 Guadalupe,2035,-37.74
SIN_PAAM,CLUSTER C-1,MEA02,ME-A-02 Guadalupe,2036,-42.93
SIN_PAAM,CLUSTER C-1,MEA02,ME-A-02 Guadalupe,2037,-48.42
SIN_PAAM,CLUSTER C-1,MEA02,ME-A-02 Guadalupe,2038,-54.02
SIN_PAAM,CLUSTER C-1,MEA02,ME-A-02 Guadalupe,2039,-59.75
SIN_PAAM,CLUSTER C-1,MEA02,ME-A-02 Guadalupe,2040,-65.58
SIN_PAAM,CLUSTER C-3,MEA03,ME-A-03 El Llano,2024,2.44
SIN_PAAM,CLUSTER C-3,MEA03,ME-A-03 El Llano,2025,2.91
SIN_PAAM,CLUSTER C-3,MEA03,ME-A-03 El Llano,2026,2.79
SIN_PAAM,CLUSTER C-3,MEA03,ME-A-03 El Llano,2027,2.75
SIN_PAAM,CLUSTER C-3,MEA03,ME-A-03 El Llano,2028,2.7
SIN_PAAM,CLUSTER C-3,MEA03,ME-A-03 El Llano,2029,2.66
SIN_PAAM,CLUSTER C-3,MEA03,ME-A-03 El Llano,2030,2.62
SIN_PAAM,CLUSTER C-3,MEA03,ME-A-03 El Llano,2031,2.58
SIN_PAAM,CLUSTER C-3,MEA03,ME-A-03 El Llano,2032,2.54
SIN_PAAM,CLUSTER C-3,MEA03,ME-A-03 El Llano,2033,2.5
SIN_PAAM,CLUSTER C-3,MEA03,ME-A-03 El Llano,2034,2.46
SIN_PAAM,CLUSTER C-3,MEA03,ME-A-03 El Llano,2035,2.42
SIN_PAAM,CLUSTER C-3,MEA03,ME-A-03 El Llano,2036,2.38
SIN_PAAM,CLUSTER C-3,MEA03,ME-A-03 El Llano,2037,2.29
SIN_PAAM,CLUSTER C-3,MEA03,ME-A-03 El Llano,2038,2.21
SIN_PAAM,CLUSTER C-3,MEA03,ME-A-03 El Llano,2039,2.09
SIN_PAAM,CLUSTER C-3,MEA03,ME-A-03 El Llano,2040,1.92
SIN_PAAM,CLUSTER C-1,MEA04,ME-A-04 Los Sitios,2024,-105.72
SIN_PAAM,CLUSTER C-1,MEA04,ME-A-04 Los Sitios,2025,13.51
SIN_PAAM,CLUSTER C-1,MEA04,ME-A-04 Los Sitios,2026,7.37
SIN_PAAM,CLUSTER C-1,MEA04,ME-A-04 Los Sitios,2027,1.11
SIN_PAAM,CLUSTER C-1,MEA04,ME-A-04 Los Sitios,2028,-5.57
SIN_PAAM,CLUSTER C-1,MEA04,ME-A-04 Los Sitios,2029,-12.54
SIN_PAAM,CLUSTER C-1,MEA04,ME-A-04 Los Sitios,2030,-19.77
SIN_PAAM,CLUSTER C-1,MEA04,ME-A-04 Los Sitios,2031,-27.25
SIN_PAAM,CLUSTER C-1,MEA04,ME-A-04 Los Sitios,2032,-35.29
SIN_PAAM,CLUSTER C-1,MEA04,ME-A-04 Los Sitios,2033,-43.5
SIN_PAAM,CLUSTER C-1,MEA04,ME-A-04 Los Sitios,2034,-51.88
SIN_PAAM,CLUSTER C-1,MEA04,ME-A-04 Los Sitios,2035,-60.44
SIN_PAAM,CLUSTER C-1,MEA04,ME-A-04 Los Sitios,2036,-69.17
SIN_PAAM,CLUSTER C-1,MEA04,ME-A-04 Los Sitios,2037,-78.33
SIN_PAAM,CLUSTER C-1,MEA04,ME-A-04 Los Sitios,2038,-87.7
SIN_PAAM,CLUSTER C-1,MEA04,ME-A-04 Los Sitios,2039,-97.26
SIN_PAAM,CLUSTER C-1,MEA04,ME-A-04 Los Sitios,2040,-107.03
SIN_PAAM,CLUSTER C-6,MEA05,ME-A-05 Salitral,2024,-4.07
SIN_PAAM,CLUSTER C-6,MEA05,ME-A-05 Salitral,2025,-8.94
SIN_PAAM,CLUSTER C-6,MEA05,ME-A-05 Salitral,2026,-9.68
SIN_PAAM,CLUSTER C-6,MEA05,ME-A-05 Salitral,2027,-10.64
SIN_PAAM,CLUSTER C-6,MEA05,ME-A-05 Salitral,2028,-11.77
SIN_PAAM,CLUSTER C-6,MEA05,ME-A-05 Salitral,2029,-12.94
SIN_PAAM,CLUSTER C-6,MEA05,ME-A-05 Salitral,2030,-14.14
SIN_PAAM,CLUSTER C-6,MEA05,ME-A-05 Salitral,2031,-15.36
SIN_PAAM,CLUSTER C-6,MEA05,ME-A-05 Salitral,2032,-16.67
SIN_PAAM,CLUSTER C-6,MEA05,ME-A-05 Salitral,2033,-18.03
SIN_PAAM,CLUSTER C-6,MEA05,ME-A-05 Salitral,2034,-19.41
SIN_PAAM,CLUSTER C-6,MEA05,ME-A-05 Salitral,2035,-20.84
SIN_PAAM,CLUSTER C-6,MEA05,ME-A-05 Salitral,2036,-22.31
SIN_PAAM,CLUSTER C-6,MEA05,ME-A-05 Salitral,2037,-23.81
SIN_PAAM,CLUSTER C-6,MEA05,ME-A-05 Salitral,2038,-25.35
SIN_PAAM,CLUSTER C-6,MEA05,ME-A-05 Salitral,2039,-26.91
SIN_PAAM,CLUSTER C-6,MEA05,ME-A-05 Salitral,2040,-28.52
SIN_PAAM,CLUSTER C-3,MEA06,ME-A-06 San Juan de Dios,2024,-26.49
SIN_PAAM,CLUSTER C-3,MEA06,ME-A-06 San Juan de Dios,2025,-8.78
SIN_PAAM,CLUSTER C-3,MEA06,ME-A-06 San Juan de Dios,2026,-10.45
SIN_PAAM,CLUSTER C-3,MEA06,ME-A-06 San Juan de Dios,2027,-12.24
SIN_PAAM,CLUSTER C-3,MEA06,ME-A-06 San Juan de Dios,2028,-14.17
SIN_PAAM,CLUSTER C-3,MEA06,ME-A-06 San Juan de Dios,2029,-16.18
SIN_PAAM,CLUSTER C-3,MEA06,ME-A-06 San Juan de Dios,2030,-18.26
SIN_PAAM,CLUSTER C-3,MEA06,ME-A-06 San Juan de Dios,2031,-20.4
SIN_PAAM,CLUSTER C-3,MEA06,ME-A-06 San Juan de Dios,2032,-22.71
SIN_PAAM,CLUSTER C-3,MEA06,ME-A-06 San Juan de Dios,2033,-25.06
SIN_PAAM,CLUSTER C-3,MEA06,ME-A-06 San Juan de Dios,2034,-27.47
SIN_PAAM,CLUSTER C-3,MEA06,ME-A-06 San Juan de Dios,2035,-29.93
SIN_PAAM,CLUSTER C-3,MEA06,ME-A-06 San Juan de Dios,2036,-32.43
SIN_PAAM,CLUSTER C-3,MEA06,ME-A-06 San Juan de Dios,2037,-35.06
SIN_PAAM,CLUSTER C-3,MEA06,ME-A-06 San Juan de Dios,2038,-37.75
SIN_PAAM,CLUSTER C-3,MEA06,ME-A-06 San Juan de Dios,2039,-40.49
SIN_PAAM,CLUSTER C-3,MEA06,ME-A-06 San Juan de Dios,2040,-43.3
SIN_PAAM,CLUSTER C-3,MEA07,ME-A-07 San Antonio de Escazu,2024,-6.83
SIN_PAAM,CLUSTER C-3,MEA07,ME-A-07 San Antonio de Escazu,2025,-4.64
SIN_PAAM,CLUSTER C-3,MEA07,ME-A-07 San Antonio de Escazu,2026,-6.09
SIN_PAAM,CLUSTER C-3,MEA07,ME-A-07 San Antonio de Escazu,2027,-6.12
SIN_PAAM,CLUSTER C-3,MEA07,ME-A-07 San Antonio de Escazu,2028,-6.15
SIN_PAAM,CLUSTER C-3,MEA07,ME-A-07 San Antonio de Escazu,2029,-6.18
SIN_PAAM,CLUSTER C-3,MEA07,ME-A-07 San Antonio de Escazu,2030,-6.21
SIN_PAAM,CLUSTER C-3,MEA07,ME-A-07 San Antonio de Escazu,2031,-6.24
SIN_PAAM,CLUSTER C-3,MEA07,ME-A-07 San Antonio de Escazu,2032,-6.27
SIN_PAAM,CLUSTER C-3,MEA07,ME-A-07 San Antonio de Escazu,2033,-6.3
SIN_PAAM,CLUSTER C-3,MEA07,ME-A-07 San Antonio de Escazu,2034,-6.33
SIN_PAAM,CLUSTER C-3,MEA07,ME-A-07 San Antonio de Escazu,2035,-6.35
SIN_PAAM,CLUSTER C-3,MEA07,ME-A-07 San Antonio de Escazu,2036,-6.38
SIN_PAAM,CLUSTER C-3,MEA07,ME-A-07 San Antonio de Escazu,2037,-6.41
SIN_PAAM,CLUSTER C-3,MEA07,ME-A-07 San Antonio de Escazu,2038,-6.44
SIN_PAAM,CLUSTER C-3,MEA07,ME-A-07 San Antonio de Escazu,2039,-6.47
SIN_PAAM,CLUSTER C-3,MEA07,ME-A-07 San Antonio de Escazu,2040,-6.5
SIN_PAAM,CLUSTER C-1,MEA08,ME-A-08 Los Cuadros,2024,-12.02
SIN_PAAM,CLUSTER C-1,MEA08,ME-A-08 Los Cuadros,2025,-9.19
SIN_PAAM,CLUSTER C-1,MEA08,ME-A-08 Los Cuadros,2026,-10.87
SIN_PAAM,CLUSTER C-1,MEA08,ME-A-08 Los Cuadros,2027,-13.21
SIN_PAAM,CLUSTER C-1,MEA08,ME-A-08 Los Cuadros,2028,-15.6
SIN_PAAM,CLUSTER C-1,MEA08,ME-A-08 Los Cuadros,2029,-18.06
SIN_PAAM,CLUSTER C-1,MEA08,ME-A-08 Los Cuadros,2030,-20.59
SIN_PAAM,CLUSTER C-1,MEA08,ME-A-08 Los Cuadros,2031,-23.18
SIN_PAAM,CLUSTER C-1,MEA08,ME-A-08 Los Cuadros,2032,-25.96
SIN_PAAM,CLUSTER C-1,MEA08,ME-A-08 Los Cuadros,2033,-28.82
SIN_PAAM,CLUSTER C-1,MEA08,ME-A-08 Los Cuadros,2034,-31.75
SIN_PAAM,CLUSTER C-1,MEA08,ME-A-08 Los Cuadros,2035,-34.76
SIN_PAAM,CLUSTER C-1,MEA08,ME-A-08 Los Cuadros,2036,-37.84
SIN_PAAM,CLUSTER C-1,MEA08,ME-A-08 Los Cuadros,2037,-41.01
SIN_PAAM,CLUSTER C-1,MEA08,ME-A-08 Los Cuadros,2038,-44.25
SIN_PAAM,CLUSTER C-1,MEA08,ME-A-08 Los Cuadros,2039,-47.58
SIN_PAAM,CLUSTER C-1,MEA08,ME-A-08 Los Cuadros,2040,-50.99
SIN_PAAM,CLUSTER C-3,MEA09,ME-A-09 Alajuelita,2024,-11.53
SIN_PAAM,CLUSTER C-3,MEA09,ME-A-09 Alajuelita,2025,-11.83
SIN_PAAM,CLUSTER C-3,MEA09,ME-A-09 Alajuelita,2026,-12.42
SIN_PAAM,CLUSTER C-3,MEA09,ME-A-09 Alajuelita,2027,-13.11
SIN_PAAM,CLUSTER C-3,MEA09,ME-A-09 Alajuelita,2028,-13.9
SIN_PAAM,CLUSTER C-3,MEA09,ME-A-09 Alajuelita,2029,-14.69
SIN_PAAM,CLUSTER C-3,MEA09,ME-A-09 Alajuelita,2030,-15.51
SIN_PAAM,CLUSTER C-3,MEA09,ME-A-09 Alajuelita,2031,-16.36
SIN_PAAM,CLUSTER C-3,MEA09,ME-A-09 Alajuelita,2032,-17.28
SIN_PAAM,CLUSTER C-3,MEA09,ME-A-09 Alajuelita,2033,-18.2
SIN_PAAM,CLUSTER C-3,MEA09,ME-A-09 Alajuelita,2034,-19.15
SIN_PAAM,CLUSTER C-3,MEA09,ME-A-09 Alajuelita,2035,-20.14
SIN_PAAM,CLUSTER C-3,MEA09,ME-A-09 Alajuelita,2036,-21.13
SIN_PAAM,CLUSTER C-3,MEA09,ME-A-09 Alajuelita,2037,-22.14
SIN_PAAM,CLUSTER C-3,MEA09,ME-A-09 Alajuelita,2038,-23.19
SIN_PAAM,CLUSTER C-3,MEA09,ME-A-09 Alajuelita,2039,-24.28
SIN_PAAM,CLUSTER C-3,MEA09,ME-A-09 Alajuelita,2040,-25.39
SIN_PAAM,CLUSTER C-1,MEA10,ME-A-10 Mata de Plátano,2024,-1.86
SIN_PAAM,CLUSTER C-1,MEA10,ME-A-10 Mata de Plátano,2025,-1.07
SIN_PAAM,CLUSTER C-1,MEA10,ME-A-10 Mata de Plátano,2026,-1.3
SIN_PAAM,CLUSTER C-1,MEA10,ME-A-10 Mata de Plátano,2027,-1.58
SIN_PAAM,CLUSTER C-1,MEA10,ME-A-10 Mata de Plátano,2028,-1.89
SIN_PAAM,CLUSTER C-1,MEA10,ME-A-10 Mata de Plátano,2029,-2.2
SIN_PAAM,CLUSTER C-1,MEA10,ME-A-10 Mata de Plátano,2030,-2.52
SIN_PAAM,CLUSTER C-1,MEA10,ME-A-10 Mata de Plátano,2031,-2.85
SIN_PAAM,CLUSTER C-1,MEA10,ME-A-10 Mata de Plátano,2032,-3.21
SIN_PAAM,CLUSTER C-1,MEA10,ME-A-10 Mata de Plátano,2033,-3.56
SIN_PAAM,CLUSTER C-1,MEA10,ME-A-10 Mata de Plátano,2034,-3.93
SIN_PAAM,CLUSTER C-1,MEA10,ME-A-10 Mata de Plátano,2035,-4.32
SIN_PAAM,CLUSTER C-1,MEA10,ME-A-10 Mata de Plátano,2036,-4.7
SIN_PAAM,CLUSTER C-1,MEA10,ME-A-10 Mata de Plátano,2037,-5.1
SIN_PAAM,CLUSTER C-1,MEA10,ME-A-10 Mata de Plátano,2038,-5.51
SIN_PAAM,CLUSTER C-1,MEA10,ME-A-10 Mata de Plátano,2039,-5.93
SIN_PAAM,CLUSTER C-1,MEA10,ME-A-10 Mata de Plátano,2040,-6.36
SIN_PAAM,CLUSTER C-6,MEA11,ME-A-11 Guatuso Patarra,2024,-3.34
SIN_PAAM,CLUSTER C-6,MEA11,ME-A-11 Guatuso Patarra,2025,-3.0
SIN_PAAM,CLUSTER C-6,MEA11,ME-A-11 Guatuso Patarra,2026,-3.22
SIN_PAAM,CLUSTER C-6,MEA11,ME-A-11 Guatuso Patarra,2027,-3.47
SIN_PAAM,CLUSTER C-6,MEA11,ME-A-11 Guatuso Patarra,2028,-3.76
SIN_PAAM,CLUSTER C-6,MEA11,ME-A-11 Guatuso Patarra,2029,-4.06
SIN_PAAM,CLUSTER C-6,MEA11,ME-A-11 Guatuso Patarra,2030,-4.36
SIN_PAAM,CLUSTER C-6,MEA11,ME-A-11 Guatuso Patarra,2031,-4.68
SIN_PAAM,CLUSTER C-6,MEA11,ME-A-11 Guatuso Patarra,2032,-5.01
SIN_PAAM,CLUSTER C-6,MEA11,ME-A-11 Guatuso Patarra,2033,-5.36
SIN_PAAM,CLUSTER C-6,MEA11,ME-A-11 Guatuso Patarra,2034,-5.72
SIN_PAAM,CLUSTER C-6,MEA11,ME-A-11 Guatuso Patarra,2035,-6.08
SIN_PAAM,CLUSTER C-6,MEA11,ME-A-11 Guatuso Patarra,2036,-6.44
SIN_PAAM,CLUSTER C-6,MEA11,ME-A-11 Guatuso Patarra,2037,-6.83
SIN_PAAM,CLUSTER C-6,MEA11,ME-A-11 Guatuso Patarra,2038,-7.22
SIN_PAAM,CLUSTER C-6,MEA11,ME-A-11 Guatuso Patarra,2039,-7.63
SIN_PAAM,CLUSTER C-6,MEA11,ME-A-11 Guatuso Patarra,2040,-8.04
SIN_PAAM,CLUSTER C-5,MEA12,ME-A-12 Quitirrisi (Ciudad Colon),2024,-2.9
SIN_PAAM,CLUSTER C-5,MEA12,ME-A-12 Quitirrisi (Ciudad Colon),2025,-3.13
SIN_PAAM,CLUSTER C-5,MEA12,ME-A-12 Quitirrisi (Ciudad Colon),2026,-3.29
SIN_PAAM,CLUSTER C-5,MEA12,ME-A-12 Quitirrisi (Ciudad Colon),2027,-3.48
SIN_PAAM,CLUSTER C-5,MEA12,ME-A-12 Quitirrisi (Ciudad Colon),2028,-3.67
SIN_PAAM,CLUSTER C-5,MEA12,ME-A-12 Quitirrisi (Ciudad Colon),2029,-3.88
SIN_PAAM,CLUSTER C-5,MEA12,ME-A-12 Quitirrisi (Ciudad Colon),2030,-4.09
SIN_PAAM,CLUSTER C-5,MEA12,ME-A-12 Quitirrisi (Ciudad Colon),2031,-4.31
SIN_PAAM,CLUSTER C-5,MEA12,ME-A-12 Quitirrisi (Ciudad Colon),2032,-4.55
SIN_PAAM,CLUSTER C-5,MEA12,ME-A-12 Quitirrisi (Ciudad Colon),2033,-4.79
SIN_PAAM,CLUSTER C-5,MEA12,ME-A-12 Quitirrisi (Ciudad Colon),2034,-5.04
SIN_PAAM,CLUSTER C-5,MEA12,ME-A-12 Quitirrisi (Ciudad Colon),2035,-5.29
SIN_PAAM,CLUSTER C-5,MEA12,ME-A-12 Quitirrisi (Ciudad Colon),2036,-5.55
SIN_PAAM,CLUSTER C-5,MEA12,ME-A-12 Quitirrisi (Ciudad Colon),2037,-5.82
SIN_PAAM,CLUSTER C-5,MEA12,ME-A-12 Quitirrisi (Ciudad Colon),2038,-6.09
SIN_PAAM,CLUSTER C-5,MEA12,ME-A-12 Quitirrisi (Ciudad Colon),2039,-6.37
SIN_PAAM,CLUSTER C-5,MEA12,ME-A-12 Quitirrisi (Ciudad Colon),2040,-6.65
SIN_PAAM,CLUSTER C-1,MEA13,ME-A-13 San Jeronimo de Moravia,2024,3.89
SIN_PAAM,CLUSTER C-1,MEA13,ME-A-13 San Jeronimo de Moravia,2025,-2.17
SIN_PAAM,CLUSTER C-1,MEA13,ME-A-13 San Jeronimo de Moravia,2026,-2.63
SIN_PAAM,CLUSTER C-1,MEA13,ME-A-13 San Jeronimo de Moravia,2027,-2.91
SIN_PAAM,CLUSTER C-1,MEA13,ME-A-13 San Jeronimo de Moravia,2028,-3.11
SIN_PAAM,CLUSTER C-1,MEA13,ME-A-13 San Jeronimo de Moravia,2029,-3.37
SIN_PAAM,CLUSTER C-1,MEA13,ME-A-13 San Jeronimo de Moravia,2030,-3.67
SIN_PAAM,CLUSTER C-1,MEA13,ME-A-13 San Jeronimo de Moravia,2031,-3.99
SIN_PAAM,CLUSTER C-1,MEA13,ME-A-13 San Jeronimo de Moravia,2032,-4.37
SIN_PAAM,CLUSTER C-1,MEA13,ME-A-13 San Jeronimo de Moravia,2033,-4.74
SIN_PAAM,CLUSTER C-1,MEA13,ME-A-13 San Jeronimo de Moravia,2034,-5.11
SIN_PAAM,CLUSTER C-1,MEA13,ME-A-13 San Jeronimo de Moravia,2035,-5.5
SIN_PAAM,CLUSTER C-1,MEA13,ME-A-13 San Jeronimo de Moravia,2036,-5.88
SIN_PAAM,CLUSTER C-1,MEA13,ME-A-13 San Jeronimo de Moravia,2037,-6.34
SIN_PAAM,CLUSTER C-1,MEA13,ME-A-13 San Jeronimo de Moravia,2038,-6.81
SIN_PAAM,CLUSTER C-1,MEA13,ME-A-13 San Jeronimo de Moravia,2039,-7.28
SIN_PAAM,CLUSTER C-1,MEA13,ME-A-13 San Jeronimo de Moravia,2040,-7.76
SIN_PAAM,CLUSTER C-4,MEA14,ME-A-14 San Rafael de Coronado,2024,-9.47
SIN_PAAM,CLUSTER C-4,MEA14,ME-A-14 San Rafael de Coronado,2025,-2.43
SIN_PAAM,CLUSTER C-4,MEA14,ME-A-14 San Rafael de Coronado,2026,-3.04
SIN_PAAM,CLUSTER C-4,MEA14,ME-A-14 San Rafael de Coronado,2027,-3.05
SIN_PAAM,CLUSTER C-4,MEA14,ME-A-14 San Rafael de Coronado,2028,-3.07
SIN_PAAM,CLUSTER C-4,MEA14,ME-A-14 San Rafael de Coronado,2029,-3.08
SIN_PAAM,CLUSTER C-4,MEA14,ME-A-14 San Rafael de Coronado,2030,-3.09
SIN_PAAM,CLUSTER C-4,MEA14,ME-A-14 San Rafael de Coronado,2031,-3.1
SIN_PAAM,CLUSTER C-4,MEA14,ME-A-14 San Rafael de Coronado,2032,-3.11
SIN_PAAM,CLUSTER C-4,MEA14,ME-A-14 San Rafael de Coronado,2033,-3.13
SIN_PAAM,CLUSTER C-4,MEA14,ME-A-14 San Rafael de Coronado,2034,-3.14
SIN_PAAM,CLUSTER C-4,MEA14,ME-A-14 San Rafael de Coronado,2035,-3.15
SIN_PAAM,CLUSTER C-4,MEA14,ME-A-14 San Rafael de Coronado,2036,-3.16
SIN_PAAM,CLUSTER C-4,MEA14,ME-A-14 San Rafael de Coronado,2037,-3.18
SIN_PAAM,CLUSTER C-4,MEA14,ME-A-14 San Rafael de Coronado,2038,-3.19
SIN_PAAM,CLUSTER C-4,MEA14,ME-A-14 San Rafael de Coronado,2039,-3.2
SIN_PAAM,CLUSTER C-4,MEA14,ME-A-14 San Rafael de Coronado,2040,-3.21
SIN_PAAM,CLUSTER C-2,MEA15,ME-A-15 San Pablo,2024,3.61
SIN_PAAM,CLUSTER C-2,MEA15,ME-A-15 San Pablo,2025,-1.39
SIN_PAAM,CLUSTER C-2,MEA15,ME-A-15 San Pablo,2026,-5.0
SIN_PAAM,CLUSTER C-2,MEA15,ME-A-15 San Pablo,2027,-8.7
SIN_PAAM,CLUSTER C-2,MEA15,ME-A-15 San Pablo,2028,-12.69
SIN_PAAM,CLUSTER C-2,MEA15,ME-A-15 San Pablo,2029,-16.96
SIN_PAAM,CLUSTER C-2,MEA15,ME-A-15 San Pablo,2030,-21.47
SIN_PAAM,CLUSTER C-2,MEA15,ME-A-15 San Pablo,2031,-26.19
SIN_PAAM,CLUSTER C-2,MEA15,ME-A-15 San Pablo,2032,-31.3
SIN_PAAM,CLUSTER C-2,MEA15,ME-A-15 San Pablo,2033,-36.51
SIN_PAAM,CLUSTER C-2,MEA15,ME-A-15 San Pablo,2034,-41.84
SIN_PAAM,CLUSTER C-2,MEA15,ME-A-15 San Pablo,2035,-47.29
SIN_PAAM,CLUSTER C-2,MEA15,ME-A-15 San Pablo,2036,-52.87
SIN_PAAM,CLUSTER C-2,MEA15,ME-A-15 San Pablo,2037,-58.81
SIN_PAAM,CLUSTER C-2,MEA15,ME-A-15 San Pablo,2038,-64.88
SIN_PAAM,CLUSTER C-2,MEA15,ME-A-15 San Pablo,2039,-71.1
SIN_PAAM,CLUSTER C-2,MEA15,ME-A-15 San Pablo,2040,-77.46
SIN_PAAM,CLUSTER C-3,MEA16,ME-A-16 Potrerillos-San Antonio,2024,38.1
SIN_PAAM,CLUSTER C-3,MEA16,ME-A-16 Potrerillos-San Antonio,2025,95.79
SIN_PAAM,CLUSTER C-3,MEA16,ME-A-16 Potrerillos-San Antonio,2026,89.11
SIN_PAAM,CLUSTER C-3,MEA16,ME-A-16 Potrerillos-San Antonio,2027,79.58
SIN_PAAM,CLUSTER C-3,MEA16,ME-A-16 Potrerillos-San Antonio,2028,69.67
SIN_PAAM,CLUSTER C-3,MEA16,ME-A-16 Potrerillos-San Antonio,2029,59.51
SIN_PAAM,CLUSTER C-3,MEA16,ME-A-16 Potrerillos-San Antonio,2030,49.11
SIN_PAAM,CLUSTER C-3,MEA16,ME-A-16 Potrerillos-San Antonio,2031,38.44
SIN_PAAM,CLUSTER C-3,MEA16,ME-A-16 Potrerillos-San Antonio,2032,26.96
SIN_PAAM,CLUSTER C-3,MEA16,ME-A-16 Potrerillos-San Antonio,2033,15.17
SIN_PAAM,CLUSTER C-3,MEA16,ME-A-16 Potrerillos-San Antonio,2034,3.07
SIN_PAAM,CLUSTER C-3,MEA16,ME-A-16 Potrerillos-San Antonio,2035,-9.34
SIN_PAAM,CLUSTER C-3,MEA16,ME-A-16 Potrerillos-San Antonio,2036,-22.09
SIN_PAAM,CLUSTER C-3,MEA16,ME-A-16 Potrerillos-San Antonio,2037,-35.12
SIN_PAAM,CLUSTER C-3,MEA16,ME-A-16 Potrerillos-San Antonio,2038,-48.5
SIN_PAAM,CLUSTER C-3,MEA16,ME-A-16 Potrerillos-San Antonio,2039,-62.23
SIN_PAAM,CLUSTER C-3,MEA16,ME-A-16 Potrerillos-San Antonio,2040,-76.34
SIN_PAAM,CLUSTER C-2,MEA17,ME-A-17 La Valencia,2024,-77.78
SIN_PAAM,CLUSTER C-2,MEA17,ME-A-17 La Valencia,2025,-21.03
SIN_PAAM,CLUSTER C-2,MEA17,ME-A-17 La Valencia,2026,-39.79
SIN_PAAM,CLUSTER C-2,MEA17,ME-A-17 La Valencia,2027,-58.79
SIN_PAAM,CLUSTER C-2,MEA17,ME-A-17 La Valencia,2028,-77.83
SIN_PAAM,CLUSTER C-2,MEA17,ME-A-17 La Valencia,2029,-97.78
SIN_PAAM,CLUSTER C-2,MEA17,ME-A-17 La Valencia,2030,-118.54
SIN_PAAM,CLUSTER C-2,MEA17,ME-A-17 La Valencia,2031,-140.05
SIN_PAAM,CLUSTER C-2,MEA17,ME-A-17 La Valencia,2032,-163.2
SIN_PAAM,CLUSTER C-2,MEA17,ME-A-17 La Valencia,2033,-186.81
SIN_PAAM,CLUSTER C-2,MEA17,ME-A-17 La Valencia,2034,-210.9
SIN_PAAM,CLUSTER C-2,MEA17,ME-A-17 La Valencia,2035,-235.47
SIN_PAAM,CLUSTER C-2,MEA17,ME-A-17 La Valencia,2036,-260.53
SIN_PAAM,CLUSTER C-2,MEA17,ME-A-17 La Valencia,2037,-287.0
SIN_PAAM,CLUSTER C-2,MEA17,ME-A-17 La Valencia,2038,-314.0
SIN_PAAM,CLUSTER C-2,MEA17,ME-A-17 La Valencia,2039,-341.57
SIN_PAAM,CLUSTER C-2,MEA17,ME-A-17 La Valencia,2040,-369.7
SIN_PAAM,CLUSTER C-6,MEA18,ME-A-18 Sur Alajuelita,2024,-0.72
SIN_PAAM,CLUSTER C-6,MEA18,ME-A-18 Sur Alajuelita,2025,-5.16
SIN_PAAM,CLUSTER C-6,MEA18,ME-A-18 Sur Alajuelita,2026,-5.16
SIN_PAAM,CLUSTER C-6,MEA18,ME-A-18 Sur Alajuelita,2027,-5.17
SIN_PAAM,CLUSTER C-6,MEA18,ME-A-18 Sur Alajuelita,2028,-5.17
SIN_PAAM,CLUSTER C-6,MEA18,ME-A-18 Sur Alajuelita,2029,-5.18
SIN_PAAM,CLUSTER C-6,MEA18,ME-A-18 Sur Alajuelita,2030,-5.18
SIN_PAAM,CLUSTER C-6,MEA18,ME-A-18 Sur Alajuelita,2031,-5.19
SIN_PAAM,CLUSTER C-6,MEA18,ME-A-18 Sur Alajuelita,2032,-5.19
SIN_PAAM,CLUSTER C-6,MEA18,ME-A-18 Sur Alajuelita,2033,-5.2
SIN_PAAM,CLUSTER C-6,MEA18,ME-A-18 Sur Alajuelita,2034,-5.2
SIN_PAAM,CLUSTER C-6,MEA18,ME-A-18 Sur Alajuelita,2035,-5.2
SIN_PAAM,CLUSTER C-6,MEA18,ME-A-18 Sur Alajuelita,2036,-5.21
SIN_PAAM,CLUSTER C-6,MEA18,ME-A-18 Sur Alajuelita,2037,-5.21
SIN_PAAM,CLUSTER C-6,MEA18,ME-A-18 Sur Alajuelita,2038,-5.22
SIN_PAAM,CLUSTER C-6,MEA18,ME-A-18 Sur Alajuelita,2039,-5.22
SIN_PAAM,CLUSTER C-6,MEA18,ME-A-18 Sur Alajuelita,2040,-5.23
SIN_PAAM,CLUSTER C-3,MEA19,ME-A-19 Puente Mulas,2024,-117.93
SIN_PAAM,CLUSTER C-3,MEA19,ME-A-19 Puente Mulas,2025,18.1
SIN_PAAM,CLUSTER C-3,MEA19,ME-A-19 Puente Mulas,2026,-2.56
SIN_PAAM,CLUSTER C-3,MEA19,ME-A-19 Puente Mulas,2027,-25.21
SIN_PAAM,CLUSTER C-3,MEA19,ME-A-19 Puente Mulas,2028,-49.81
SIN_PAAM,CLUSTER C-3,MEA19,ME-A-19 Puente Mulas,2029,-75.34
SIN_PAAM,CLUSTER C-3,MEA19,ME-A-19 Puente Mulas,2030,-101.73
SIN_PAAM,CLUSTER C-3,MEA19,ME-A-19 Puente Mulas,2031,-128.95
SIN_PAAM,CLUSTER C-3,MEA19,ME-A-19 Puente Mulas,2032,-158.16
SIN_PAAM,CLUSTER C-3,MEA19,ME-A-19 Puente Mulas,2033,-188.04
SIN_PAAM,CLUSTER C-3,MEA19,ME-A-19 Puente Mulas,2034,-218.61
SIN_PAAM,CLUSTER C-3,MEA19,ME-A-19 Puente Mulas,2035,-249.87
SIN_PAAM,CLUSTER C-3,MEA19,ME-A-19 Puente Mulas,2036,-281.82
SIN_PAAM,CLUSTER C-3,MEA19,ME-A-19 Puente Mulas,2037,-315.07
SIN_PAAM,CLUSTER C-3,MEA19,ME-A-19 Puente Mulas,2038,-349.1
SIN_PAAM,CLUSTER C-3,MEA19,ME-A-19 Puente Mulas,2039,-383.91
SIN_PAAM,CLUSTER C-3,MEA19,ME-A-19 Puente Mulas,2040,-419.52
SIN_PAAM,CLUSTER C-1,MEA20,ME-A-20 Padre Carazo,2024,2.26
SIN_PAAM,CLUSTER C-1,MEA20,ME-A-20 Padre Carazo,2025,1.52
SIN_PAAM,CLUSTER C-1,MEA20,ME-A-20 Padre Carazo,2026,0.52
SIN_PAAM,CLUSTER C-1,MEA20,ME-A-20 Padre Carazo,2027,-0.55
SIN_PAAM,CLUSTER C-1,MEA20,ME-A-20 Padre Carazo,2028,-1.76
SIN_PAAM,CLUSTER C-1,MEA20,ME-A-20 Padre Carazo,2029,-3.02
SIN_PAAM,CLUSTER C-1,MEA20,ME-A-20 Padre Carazo,2030,-4.34
SIN_PAAM,CLUSTER C-1,MEA20,ME-A-20 Padre Carazo,2031,-5.71
SIN_PAAM,CLUSTER C-1,MEA20,ME-A-20 Padre Carazo,2032,-7.14
SIN_PAAM,CLUSTER C-1,MEA20,ME-A-20 Padre Carazo,2033,-8.62
SIN_PAAM,CLUSTER C-1,MEA20,ME-A-20 Padre Carazo,2034,-10.13
SIN_PAAM,CLUSTER C-1,MEA20,ME-A-20 Padre Carazo,2035,-11.68
SIN_PAAM,CLUSTER C-1,MEA20,ME-A-20 Padre Carazo,2036,-13.26
SIN_PAAM,CLUSTER C-1,MEA20,ME-A-20 Padre Carazo,2037,-14.92
SIN_PAAM,CLUSTER C-1,MEA20,ME-A-20 Padre Carazo,2038,-16.62
SIN_PAAM,CLUSTER C-1,MEA20,ME-A-20 Padre Carazo,2039,-18.35
SIN_PAAM,CLUSTER C-1,MEA20,ME-A-20 Padre Carazo,2040,-20.12
SIN_PAAM,CLUSTER C-4,MEA21,ME-A-21 Chiverrales,2024,-1.3
SIN_PAAM,CLUSTER C-4,MEA21,ME-A-21 Chiverrales,2025,-1.13
SIN_PAAM,CLUSTER C-4,MEA21,ME-A-21 Chiverrales,2026,-1.4
SIN_PAAM,CLUSTER C-4,MEA21,ME-A-21 Chiverrales,2027,-1.69
SIN_PAAM,CLUSTER C-4,MEA21,ME-A-21 Chiverrales,2028,-2.0
SIN_PAAM,CLUSTER C-4,MEA21,ME-A-21 Chiverrales,2029,-2.32
SIN_PAAM,CLUSTER C-4,MEA21,ME-A-21 Chiverrales,2030,-2.64
SIN_PAAM,CLUSTER C-4,MEA21,ME-A-21 Chiverrales,2031,-2.98
SIN_PAAM,CLUSTER C-4,MEA21,ME-A-21 Chiverrales,2032,-3.35
SIN_PAAM,CLUSTER C-4,MEA21,ME-A-21 Chiverrales,2033,-3.72
SIN_PAAM,CLUSTER C-4,MEA21,ME-A-21 Chiverrales,2034,-4.11
SIN_PAAM,CLUSTER C-4,MEA21,ME-A-21 Chiverrales,2035,-4.5
SIN_PAAM,CLUSTER C-4,MEA21,ME-A-21 Chiverrales,2036,-4.9
SIN_PAAM,CLUSTER C-4,MEA21,ME-A-21 Chiverrales,2037,-5.32
SIN_PAAM,CLUSTER C-4,MEA21,ME-A-21 Chiverrales,2038,-5.74
SIN_PAAM,CLUSTER C-4,MEA21,ME-A-21 Chiverrales,2039,-6.17
SIN_PAAM,CLUSTER C-4,MEA21,ME-A-21 Chiverrales,2040,-6.61
SIN_PAAM,CLUSTER C-1,MEA22,ME-A-22 Pizote,2024,-10.47
SIN_PAAM,CLUSTER C-1,MEA22,ME-A-22 Pizote,2025,-1.09
SIN_PAAM,CLUSTER C-1,MEA22,ME-A-22 Pizote,2026,-1.76
SIN_PAAM,CLUSTER C-1,MEA22,ME-A-22 Pizote,2027,-2.65
SIN_PAAM,CLUSTER C-1,MEA22,ME-A-22 Pizote,2028,-3.64
SIN_PAAM,CLUSTER C-1,MEA22,ME-A-22 Pizote,2029,-4.65
SIN_PAAM,CLUSTER C-1,MEA22,ME-A-22 Pizote,2030,-5.7
SIN_PAAM,CLUSTER C-1,MEA22,ME-A-22 Pizote,2031,-6.76
SIN_PAAM,CLUSTER C-1,MEA22,ME-A-22 Pizote,2032,-7.9
SIN_PAAM,CLUSTER C-1,MEA22,ME-A-22 Pizote,2033,-9.07
SIN_PAAM,CLUSTER C-1,MEA22,ME-A-22 Pizote,2034,-10.28
SIN_PAAM,CLUSTER C-1,MEA22,ME-A-22 Pizote,2035,-11.52
SIN_PAAM,CLUSTER C-1,MEA22,ME-A-22 Pizote,2036,-12.8
SIN_PAAM,CLUSTER C-1,MEA22,ME-A-22 Pizote,2037,-14.1
SIN_PAAM,CLUSTER C-1,MEA22,ME-A-22 Pizote,2038,-15.44
SIN_PAAM,CLUSTER C-1,MEA22,ME-A-22 Pizote,2039,-16.81
SIN_PAAM,CLUSTER C-1,MEA22,ME-A-22 Pizote,2040,-18.21
SIN_PAAM,CLUSTER C-3,MEA23,ME-A-23 Barrio Espana,2024,0.95
SIN_PAAM,CLUSTER C-3,MEA23,ME-A-23 Barrio Espana,2025,-0.27
SIN_PAAM,CLUSTER C-3,MEA23,ME-A-23 Barrio Espana,2026,-0.36
SIN_PAAM,CLUSTER C-3,MEA23,ME-A-23 Barrio Espana,2027,-0.49
SIN_PAAM,CLUSTER C-3,MEA23,ME-A-23 Barrio Espana,2028,-0.64
SIN_PAAM,CLUSTER C-3,MEA23,ME-A-23 Barrio Espana,2029,-0.79
SIN_PAAM,CLUSTER C-3,MEA23,ME-A-23 Barrio Espana,2030,-0.95
SIN_PAAM,CLUSTER C-3,MEA23,ME-A-23 Barrio Espana,2031,-1.1
SIN_PAAM,CLUSTER C-3,MEA23,ME-A-23 Barrio Espana,2032,-1.27
SIN_PAAM,CLUSTER C-3,MEA23,ME-A-23 Barrio Espana,2033,-1.45
SIN_PAAM,CLUSTER C-3,MEA23,ME-A-23 Barrio Espana,2034,-1.63
SIN_PAAM,CLUSTER C-3,MEA23,ME-A-23 Barrio Espana,2035,-1.81
SIN_PAAM,CLUSTER C-3,MEA23,ME-A-23 Barrio Espana,2036,-2.0
SIN_PAAM,CLUSTER C-3,MEA23,ME-A-23 Barrio Espana,2037,-2.19
SIN_PAAM,CLUSTER C-3,MEA23,ME-A-23 Barrio Espana,2038,-2.38
SIN_PAAM,CLUSTER C-3,MEA23,ME-A-23 Barrio Espana,2039,-2.59
SIN_PAAM,CLUSTER C-3,MEA23,ME-A-23 Barrio Espana,2040,-2.8
SIN_PAAM,CLUSTER C-6,MEA24,ME-A-24 Matinilla,2024,-1.52
SIN_PAAM,CLUSTER C-6,MEA24,ME-A-24 Matinilla,2025,-1.95
SIN_PAAM,CLUSTER C-6,MEA24,ME-A-24 Matinilla,2026,-1.97
SIN_PAAM,CLUSTER C-6,MEA24,ME-A-24 Matinilla,2027,-1.99
SIN_PAAM,CLUSTER C-6,MEA24,ME-A-24 Matinilla,2028,-2.03
SIN_PAAM,CLUSTER C-6,MEA24,ME-A-24 Matinilla,2029,-2.06
SIN_PAAM,CLUSTER C-6,MEA24,ME-A-24 Matinilla,2030,-2.09
SIN_PAAM,CLUSTER C-6,MEA24,ME-A-24 Matinilla,2031,-2.12
SIN_PAAM,CLUSTER C-6,MEA24,ME-A-24 Matinilla,2032,-2.16
SIN_PAAM,CLUSTER C-6,MEA24,ME-A-24 Matinilla,2033,-2.19
SIN_PAAM,CLUSTER C-6,MEA24,ME-A-24 Matinilla,2034,-2.22
SIN_PAAM,CLUSTER C-6,MEA24,ME-A-24 Matinilla,2035,-2.25
SIN_PAAM,CLUSTER C-6,MEA24,ME-A-24 Matinilla,2036,-2.28
SIN_PAAM,CLUSTER C-6,MEA24,ME-A-24 Matinilla,2037,-2.32
SIN_PAAM,CLUSTER C-6,MEA24,ME-A-24 Matinilla,2038,-2.35
SIN_PAAM,CLUSTER C-6,MEA24,ME-A-24 Matinilla,2039,-2.38
SIN_PAAM,CLUSTER C-6,MEA24,ME-A-24 Matinilla,2040,-2.41
SIN_PAAM,CLUSTER C-3,MEA25,ME-A-25 Sur de Escazu,2024,0.0
SIN_PAAM,CLUSTER C-3,MEA25,ME-A-25 Sur de Escazu,2025,-0.5
SIN_PAAM,CLUSTER C-3,MEA25,ME-A-25 Sur de Escazu,2026,-0.51
SIN_PAAM,CLUSTER C-3,MEA25,ME-A-25 Sur de Escazu,2027,-0.52
SIN_PAAM,CLUSTER C-3,MEA25,ME-A-25 Sur de Escazu,2028,-0.55
SIN_PAAM,CLUSTER C-3,MEA25,ME-A-25 Sur de Escazu,2029,-0.56
SIN_PAAM,CLUSTER C-3,MEA25,ME-A-25 Sur de Escazu,2030,-0.57
SIN_PAAM,CLUSTER C-3,MEA25,ME-A-25 Sur de Escazu,2031,-0.59
SIN_PAAM,CLUSTER C-3,MEA25,ME-A-25 Sur de Escazu,2032,-0.62
SIN_PAAM,CLUSTER C-3,MEA25,ME-A-25 Sur de Escazu,2033,-0.66
SIN_PAAM,CLUSTER C-3,MEA25,ME-A-25 Sur de Escazu,2034,-0.71
SIN_PAAM,CLUSTER C-3,MEA25,ME-A-25 Sur de Escazu,2035,-0.78
SIN_PAAM,CLUSTER C-3,MEA25,ME-A-25 Sur de Escazu,2036,-0.84
SIN_PAAM,CLUSTER C-3,MEA25,ME-A-25 Sur de Escazu,2037,-0.87
SIN_PAAM,CLUSTER C-3,MEA25,ME-A-25 Sur de Escazu,2038,-0.89
SIN_PAAM,CLUSTER C-3,MEA25,ME-A-25 Sur de Escazu,2039,-0.92
SIN_PAAM,CLUSTER C-3,MEA25,ME-A-25 Sur de Escazu,2040,-0.94
SIN_PAAM,CLUSTER C-5,MEA26,ME-A-26 Ticufres-Quebrada Honda,2024,-0.46
SIN_PAAM,CLUSTER C-5,MEA26,ME-A-26 Ticufres-Quebrada Honda,2025,-0.17
SIN_PAAM,CLUSTER C-5,MEA26,ME-A-26 Ticufres-Quebrada Honda,2026,-0.18
SIN_PAAM,CLUSTER C-5,MEA26,ME-A-26 Ticufres-Quebrada Honda,2027,-0.21
SIN_PAAM,CLUSTER C-5,MEA26,ME-A-26 Ticufres-Quebrada Honda,2028,-0.24
SIN_PAAM,CLUSTER C-5,MEA26,ME-A-26 Ticufres-Quebrada Honda,2029,-0.27
SIN_PAAM,CLUSTER C-5,MEA26,ME-A-26 Ticufres-Quebrada Honda,2030,-0.3
SIN_PAAM,CLUSTER C-5,MEA26,ME-A-26 Ticufres-Quebrada Honda,2031,-0.33
SIN_PAAM,CLUSTER C-5,MEA26,ME-A-26 Ticufres-Quebrada Honda,2032,-0.35
SIN_PAAM,CLUSTER C-5,MEA26,ME-A-26 Ticufres-Quebrada Honda,2033,-0.39
SIN_PAAM,CLUSTER C-5,MEA26,ME-A-26 Ticufres-Quebrada Honda,2034,-0.43
SIN_PAAM,CLUSTER C-5,MEA26,ME-A-26 Ticufres-Quebrada Honda,2035,-0.47
SIN_PAAM,CLUSTER C-5,MEA26,ME-A-26 Ticufres-Quebrada Honda,2036,-0.51
SIN_PAAM,CLUSTER C-5,MEA26,ME-A-26 Ticufres-Quebrada Honda,2037,-0.54
SIN_PAAM,CLUSTER C-5,MEA26,ME-A-26 Ticufres-Quebrada Honda,2038,-0.58
SIN_PAAM,CLUSTER C-5,MEA26,ME-A-26 Ticufres-Quebrada Honda,2039,-0.62
SIN_PAAM,CLUSTER C-5,MEA26,ME-A-26 Ticufres-Quebrada Honda,2040,-0.66
SIN_PAAM,CLUSTER C-6,MEA27,ME-A-27 El Guarco,2024,-3.69
SIN_PAAM,CLUSTER C-6,MEA27,ME-A-27 El Guarco,2025,-8.57
SIN_PAAM,CLUSTER C-6,MEA27,ME-A-27 El Guarco,2026,-9.9
SIN_PAAM,CLUSTER C-6,MEA27,ME-A-27 El Guarco,2027,-10.4
SIN_PAAM,CLUSTER C-6,MEA27,ME-A-27 El Guarco,2028,-11.1
SIN_PAAM,CLUSTER C-6,MEA27,ME-A-27 El Guarco,2029,-11.93
SIN_PAAM,CLUSTER C-6,MEA27,ME-A-27 El Guarco,2030,-12.87
SIN_PAAM,CLUSTER C-6,MEA27,ME-A-27 El Guarco,2031,-13.91
SIN_PAAM,CLUSTER C-6,MEA27,ME-A-27 El Guarco,2032,-15.06
SIN_PAAM,CLUSTER C-6,MEA27,ME-A-27 El Guarco,2033,-16.24
SIN_PAAM,CLUSTER C-6,MEA27,ME-A-27 El Guarco,2034,-17.42
SIN_PAAM,CLUSTER C-6,MEA27,ME-A-27 El Guarco,2035,-18.63
SIN_PAAM,CLUSTER C-6,MEA27,ME-A-27 El Guarco,2036,-19.85
SIN_PAAM,CLUSTER C-6,MEA27,ME-A-27 El Guarco,2037,-21.27
SIN_PAAM,CLUSTER C-6,MEA27,ME-A-27 El Guarco,2038,-22.71
SIN_PAAM,CLUSTER C-6,MEA27,ME-A-27 El Guarco,2039,-24.18
SIN_PAAM,CLUSTER C-6,MEA27,ME-A-27 El Guarco,2040,-25.66
SIN_PAAM,CLUSTER C-1,MEA28,ME-A-28 Vista de Mar,2024,0.75
SIN_PAAM,CLUSTER C-1,MEA28,ME-A-28 Vista de Mar,2025,3.1
SIN_PAAM,CLUSTER C-1,MEA28,ME-A-28 Vista de Mar,2026,2.92
SIN_PAAM,CLUSTER C-1,MEA28,ME-A-28 Vista de Mar,2027,2.72
SIN_PAAM,CLUSTER C-1,MEA28,ME-A-28 Vista de Mar,2028,2.5
SIN_PAAM,CLUSTER C-1,MEA28,ME-A-28 Vista de Mar,2029,2.28
SIN_PAAM,CLUSTER C-1,MEA28,ME-A-28 Vista de Mar,2030,2.05
SIN_PAAM,CLUSTER C-1,MEA28,ME-A-28 Vista de Mar,2031,1.81
SIN_PAAM,CLUSTER C-1,MEA28,ME-A-28 Vista de Mar,2032,1.56
SIN_PAAM,CLUSTER C-1,MEA28,ME-A-28 Vista de Mar,2033,1.3
SIN_PAAM,CLUSTER C-1,MEA28,ME-A-28 Vista de Mar,2034,1.03
SIN_PAAM,CLUSTER C-1,MEA28,ME-A-28 Vista de Mar,2035,0.76
SIN_PAAM,CLUSTER C-1,MEA28,ME-A-28 Vista de Mar,2036,0.48
SIN_PAAM,CLUSTER C-1,MEA28,ME-A-28 Vista de Mar,2037,0.19
SIN_PAAM,CLUSTER C-1,MEA28,ME-A-28 Vista de Mar,2038,-0.1
SIN_PAAM,CLUSTER C-1,MEA28,ME-A-28 Vista de Mar,2039,-0.41
SIN_PAAM,CLUSTER C-1,MEA28,ME-A-28 Vista de Mar,2040,-0.71
SIN_PAAM,CLUSTER C-6,MEA29,ME-A-29 Lajas,2024,0.25
SIN_PAAM,CLUSTER C-6,MEA29,ME-A-29 Lajas,2025,-1.43
SIN_PAAM,CLUSTER C-6,MEA29,ME-A-29 Lajas,2026,-1.46
SIN_PAAM,CLUSTER C-6,MEA29,ME-A-29 Lajas,2027,-1.48
SIN_PAAM,CLUSTER C-6,MEA29,ME-A-29 Lajas,2028,-1.51
SIN_PAAM,CLUSTER C-6,MEA29,ME-A-29 Lajas,2029,-1.53
SIN_PAAM,CLUSTER C-6,MEA29,ME-A-29 Lajas,2030,-1.55
SIN_PAAM,CLUSTER C-6,MEA29,ME-A-29 Lajas,2031,-1.58
SIN_PAAM,CLUSTER C-6,MEA29,ME-A-29 Lajas,2032,-1.63
SIN_PAAM,CLUSTER C-6,MEA29,ME-A-29 Lajas,2033,-1.68
SIN_PAAM,CLUSTER C-6,MEA29,ME-A-29 Lajas,2034,-1.73
SIN_PAAM,CLUSTER C-6,MEA29,ME-A-29 Lajas,2035,-1.78
SIN_PAAM,CLUSTER C-6,MEA29,ME-A-29 Lajas,2036,-1.82
SIN_PAAM,CLUSTER C-6,MEA29,ME-A-29 Lajas,2037,-1.87
SIN_PAAM,CLUSTER C-6,MEA29,ME-A-29 Lajas,2038,-1.92
SIN_PAAM,CLUSTER C-6,MEA29,ME-A-29 Lajas,2039,-1.97
SIN_PAAM,CLUSTER C-6,MEA29,ME-A-29 Lajas,2040,-2.02
SIN_PAAM,CLUSTER C-6,MEA30,ME-A-30 Jerico,2024,-0.74
SIN_PAAM,CLUSTER C-6,MEA30,ME-A-30 Jerico,2025,2.37
SIN_PAAM,CLUSTER C-6,MEA30,ME-A-30 Jerico,2026,2.36
SIN_PAAM,CLUSTER C-6,MEA30,ME-A-30 Jerico,2027,2.36
SIN_PAAM,CLUSTER C-6,MEA30,ME-A-30 Jerico,2028,2.35
SIN_PAAM,CLUSTER C-6,MEA30,ME-A-30 Jerico,2029,2.34
SIN_PAAM,CLUSTER C-6,MEA30,ME-A-30 Jerico,2030,2.34
SIN_PAAM,CLUSTER C-6,MEA30,ME-A-30 Jerico,2031,2.33
SIN_PAAM,CLUSTER C-6,MEA30,ME-A-30 Jerico,2032,2.32
SIN_PAAM,CLUSTER C-6,MEA30,ME-A-30 Jerico,2033,2.32
SIN_PAAM,CLUSTER C-6,MEA30,ME-A-30 Jerico,2034,2.31
SIN_PAAM,CLUSTER C-6,MEA30,ME-A-30 Jerico,2035,2.31
SIN_PAAM,CLUSTER C-6,MEA30,ME-A-30 Jerico,2036,2.3
SIN_PAAM,CLUSTER C-6,MEA30,ME-A-30 Jerico,2037,2.29
SIN_PAAM,CLUSTER C-6,MEA30,ME-A-30 Jerico,2038,2.29
SIN_PAAM,CLUSTER C-6,MEA30,ME-A-30 Jerico,2039,2.28
SIN_PAAM,CLUSTER C-6,MEA30,ME-A-30 Jerico,2040,2.27
SIN_PAAM,CLUSTER C-5,MEA31,ME-A-31 Puriscal,2024,-0.83
SIN_PAAM,CLUSTER C-5,MEA31,ME-A-31 Puriscal,2025,-2.63
SIN_PAAM,CLUSTER C-5,MEA31,ME-A-31 Puriscal,2026,-4.52
SIN_PAAM,CLUSTER C-5,MEA31,ME-A-31 Puriscal,2027,-6.69
SIN_PAAM,CLUSTER C-5,MEA31,ME-A-31 Puriscal,2028,-9.06
SIN_PAAM,CLUSTER C-5,MEA31,ME-A-31 Puriscal,2029,-11.5
SIN_PAAM,CLUSTER C-5,MEA31,ME-A-31 Puriscal,2030,-14.03
SIN_PAAM,CLUSTER C-5,MEA31,ME-A-31 Puriscal,2031,-16.62
SIN_PAAM,CLUSTER C-5,MEA31,ME-A-31 Puriscal,2032,-19.4
SIN_PAAM,CLUSTER C-5,MEA31,ME-A-31 Puriscal,2033,-22.25
SIN_PAAM,CLUSTER C-5,MEA31,ME-A-31 Puriscal,2034,-25.17
SIN_PAAM,CLUSTER C-5,MEA31,ME-A-31 Puriscal,2035,-28.15
SIN_PAAM,CLUSTER C-5,MEA31,ME-A-31 Puriscal,2036,-31.2
SIN_PAAM,CLUSTER C-5,MEA31,ME-A-31 Puriscal,2037,-34.37
SIN_PAAM,CLUSTER C-5,MEA31,ME-A-31 Puriscal,2038,-37.61
SIN_PAAM,CLUSTER C-5,MEA31,ME-A-31 Puriscal,2039,-40.94
SIN_PAAM,CLUSTER C-5,MEA31,ME-A-31 Puriscal,2040,-44.34
CON_PAAM,CLUSTER C-1,MEA01,ME-A-01 Tres Rios,2024,-240.83
CON_PAAM,CLUSTER C-1,MEA01,ME-A-01 Tres Rios,2025,-258.4
CON_PAAM,CLUSTER C-1,MEA01,ME-A-01 Tres Rios,2026,-199.97
CON_PAAM,CLUSTER C-1,MEA01,ME-A-01 Tres Rios,2027,-160.99
CON_PAAM,CLUSTER C-1,MEA01,ME-A-01 Tres Rios,2028,156.17
CON_PAAM,CLUSTER C-1,MEA01,ME-A-01 Tres Rios,2029,121.91
CON_PAAM,CLUSTER C-1,MEA01,ME-A-01 Tres Rios,2030,86.35
CON_PAAM,CLUSTER C-1,MEA01,ME-A-01 Tres Rios,2031,49.56
CON_PAAM,CLUSTER C-1,MEA01,ME-A-01 Tres Rios,2032,281.24
CON_PAAM,CLUSTER C-1,MEA01,ME-A-01 Tres Rios,2033,265.07
CON_PAAM,CLUSTER C-1,MEA01,ME-A-01 Tres Rios,2034,248.57
CON_PAAM,CLUSTER C-1,MEA01,ME-A-01 Tres Rios,2035,235.96
CON_PAAM,CLUSTER C-1,MEA01,ME-A-01 Tres Rios,2036,211.95
CON_PAAM,CLUSTER C-1,MEA01,ME-A-01 Tres Rios,2037,200.63
CON_PAAM,CLUSTER C-1,MEA01,ME-A-01 Tres Rios,2038,189.31
CON_PAAM,CLUSTER C-1,MEA01,ME-A-01 Tres Rios,2039,177.99
CON_PAAM,CLUSTER C-1,MEA01,ME-A-01 Tres Rios,2040,166.67
CON_PAAM,CLUSTER C-1,MEA02,ME-A-02 Guadalupe,2024,72.85
CON_PAAM,CLUSTER C-1,MEA02,ME-A-02 Guadalupe,2025,6.53
CON_PAAM,CLUSTER C-1,MEA02,ME-A-02 Guadalupe,2026,2.56
CON_PAAM,CLUSTER C-1,MEA02,ME-A-02 Guadalupe,2027,-1.13
CON_PAAM,CLUSTER C-1,MEA02,ME-A-02 Guadalupe,2028,-5.06
CON_PAAM,CLUSTER C-1,MEA02,ME-A-02 Guadalupe,2029,-9.19
CON_PAAM,CLUSTER C-1,MEA02,ME-A-02 Guadalupe,2030,-13.49
CON_PAAM,CLUSTER C-1,MEA02,ME-A-02 Guadalupe,2031,-17.96
CON_PAAM,CLUSTER C-1,MEA02,ME-A-02 Guadalupe,2032,0.0
CON_PAAM,CLUSTER C-1,MEA02,ME-A-02 Guadalupe,2033,0.0
CON_PAAM,CLUSTER C-1,MEA02,ME-A-02 Guadalupe,2034,0.0
CON_PAAM,CLUSTER C-1,MEA02,ME-A-02 Guadalupe,2035,0.0
CON_PAAM,CLUSTER C-1,MEA02,ME-A-02 Guadalupe,2036,0.0
CON_PAAM,CLUSTER C-1,MEA02,ME-A-02 Guadalupe,2037,0.0
CON_PAAM,CLUSTER C-1,MEA02,ME-A-02 Guadalupe,2038,0.0
CON_PAAM,CLUSTER C-1,MEA02,ME-A-02 Guadalupe,2039,0.0
CON_PAAM,CLUSTER C-1,MEA02,ME-A-02 Guadalupe,2040,0.0
CON_PAAM,CLUSTER C-3,MEA03,ME-A-03 El Llano,2024,2.44
CON_PAAM,CLUSTER C-3,MEA03,ME-A-03 El Llano,2025,2.91
CON_PAAM,CLUSTER C-3,MEA03,ME-A-03 El Llano,2026,2.79
CON_PAAM,CLUSTER C-3,MEA03,ME-A-03 El Llano,2027,22.75
CON_PAAM,CLUSTER C-3,MEA03,ME-A-03 El Llano,2028,22.7
CON_PAAM,CLUSTER C-3,MEA03,ME-A-03 El Llano,2029,22.66
CON_PAAM,CLUSTER C-3,MEA03,ME-A-03 El Llano,2030,22.62
CON_PAAM,CLUSTER C-3,MEA03,ME-A-03 El Llano,2031,22.58
CON_PAAM,CLUSTER C-3,MEA03,ME-A-03 El Llano,2032,28.84
CON_PAAM,CLUSTER C-3,MEA03,ME-A-03 El Llano,2033,28.84
CON_PAAM,CLUSTER C-3,MEA03,ME-A-03 El Llano,2034,28.84
CON_PAAM,CLUSTER C-3,MEA03,ME-A-03 El Llano,2035,28.84
CON_PAAM,CLUSTER C-3,MEA03,ME-A-03 El Llano,2036,28.84
CON_PAAM,CLUSTER C-3,MEA03,ME-A-03 El Llano,2037,28.84
CON_PAAM,CLUSTER C-3,MEA03,ME-A-03 El Llano,2038,28.84
CON_PAAM,CLUSTER C-3,MEA03,ME-A-03 El Llano,2039,28.84
CON_PAAM,CLUSTER C-3,MEA03,ME-A-03 El Llano,2040,28.84
CON_PAAM,CLUSTER C-1,MEA04,ME-A-04 Los Sitios,2024,-105.72
CON_PAAM,CLUSTER C-1,MEA04,ME-A-04 Los Sitios,2025,13.51
CON_PAAM,CLUSTER C-1,MEA04,ME-A-04 Los Sitios,2026,7.37
CON_PAAM,CLUSTER C-1,MEA04,ME-A-04 Los Sitios,2027,1.11
CON_PAAM,CLUSTER C-1,MEA04,ME-A-04 Los Sitios,2028,14.44
CON_PAAM,CLUSTER C-1,MEA04,ME-A-04 Los Sitios,2029,22.46
CON_PAAM,CLUSTER C-1,MEA04,ME-A-04 Los Sitios,2030,15.23
CON_PAAM,CLUSTER C-1,MEA04,ME-A-04 Los Sitios,2031,7.75
CON_PAAM,CLUSTER C-1,MEA04,ME-A-04 Los Sitios,2032,135.23
CON_PAAM,CLUSTER C-1,MEA04,ME-A-04 Los Sitios,2033,129.0
CON_PAAM,CLUSTER C-1,MEA04,ME-A-04 Los Sitios,2034,122.77
CON_PAAM,CLUSTER C-1,MEA04,ME-A-04 Los Sitios,2035,120.13
CON_PAAM,CLUSTER C-1,MEA04,ME-A-04 Los Sitios,2036,107.99
CON_PAAM,CLUSTER C-1,MEA04,ME-A-04 Los Sitios,2037,106.01
CON_PAAM,CLUSTER C-1,MEA04,ME-A-04 Los Sitios,2038,104.02
CON_PAAM,CLUSTER C-1,MEA04,ME-A-04 Los Sitios,2039,102.04
CON_PAAM,CLUSTER C-1,MEA04,ME-A-04 Los Sitios,2040,100.06
CON_PAAM,CLUSTER C-6,MEA05,ME-A-05 Salitral,2024,-4.07
CON_PAAM,CLUSTER C-6,MEA05,ME-A-05 Salitral,2025,-8.94
CON_PAAM,CLUSTER C-6,MEA05,ME-A-05 Salitral,2026,-9.68
CON_PAAM,CLUSTER C-6,MEA05,ME-A-05 Salitral,2027,-10.64
CON_PAAM,CLUSTER C-6,MEA05,ME-A-05 Salitral,2028,-11.77
CON_PAAM,CLUSTER C-6,MEA05,ME-A-05 Salitral,2029,-12.94
CON_PAAM,CLUSTER C-6,MEA05,ME-A-05 Salitral,2030,-14.14
CON_PAAM,CLUSTER C-6,MEA05,ME-A-05 Salitral,2031,-15.36
CON_PAAM,CLUSTER C-6,MEA05,ME-A-05 Salitral,2032,-6.11
CON_PAAM,CLUSTER C-6,MEA05,ME-A-05 Salitral,2033,-6.23
CON_PAAM,CLUSTER C-6,MEA05,ME-A-05 Salitral,2034,-6.35
CON_PAAM,CLUSTER C-6,MEA05,ME-A-05 Salitral,2035,-6.47
CON_PAAM,CLUSTER C-6,MEA05,ME-A-05 Salitral,2036,-6.6
CON_PAAM,CLUSTER C-6,MEA05,ME-A-05 Salitral,2037,-6.72
CON_PAAM,CLUSTER C-6,MEA05,ME-A-05 Salitral,2038,-6.84
CON_PAAM,CLUSTER C-6,MEA05,ME-A-05 Salitral,2039,-6.96
CON_PAAM,CLUSTER C-6,MEA05,ME-A-05 Salitral,2040,-7.08
CON_PAAM,CLUSTER C-3,MEA06,ME-A-06 San Juan de Dios,2024,-26.49
CON_PAAM,CLUSTER C-3,MEA06,ME-A-06 San Juan de Dios,2025,-8.78
CON_PAAM,CLUSTER C-3,MEA06,ME-A-06 San Juan de Dios,2026,-10.45
CON_PAAM,CLUSTER C-3,MEA06,ME-A-06 San Juan de Dios,2027,12.76
CON_PAAM,CLUSTER C-3,MEA06,ME-A-06 San Juan de Dios,2028,10.83
CON_PAAM,CLUSTER C-3,MEA06,ME-A-06 San Juan de Dios,2029,8.82
CON_PAAM,CLUSTER C-3,MEA06,ME-A-06 San Juan de Dios,2030,6.74
CON_PAAM,CLUSTER C-3,MEA06,ME-A-06 San Juan de Dios,2031,4.6
CON_PAAM,CLUSTER C-3,MEA06,ME-A-06 San Juan de Dios,2032,0.0
CON_PAAM,CLUSTER C-3,MEA06,ME-A-06 San Juan de Dios,2033,0.0
CON_PAAM,CLUSTER C-3,MEA06,ME-A-06 San Juan de Dios,2034,0.0
CON_PAAM,CLUSTER C-3,MEA06,ME-A-06 San Juan de Dios,2035,0.0
CON_PAAM,CLUSTER C-3,MEA06,ME-A-06 San Juan de Dios,2036,0.0
CON_PAAM,CLUSTER C-3,MEA06,ME-A-06 San Juan de Dios,2037,0.0
CON_PAAM,CLUSTER C-3,MEA06,ME-A-06 San Juan de Dios,2038,0.0
CON_PAAM,CLUSTER C-3,MEA06,ME-A-06 San Juan de Dios,2039,0.0
CON_PAAM,CLUSTER C-3,MEA06,ME-A-06 San Juan de Dios,2040,0.0
CON_PAAM,CLUSTER C-3,MEA07,ME-A-07 San Antonio de Escazu,2024,-6.83
CON_PAAM,CLUSTER C-3,MEA07,ME-A-07 San Antonio de Escazu,2025,-4.64
CON_PAAM,CLUSTER C-3,MEA07,ME-A-07 San Antonio de Escazu,2026,-6.09
CON_PAAM,CLUSTER C-3,MEA07,ME-A-07 San Antonio de Escazu,2027,-6.12
CON_PAAM,CLUSTER C-3,MEA07,ME-A-07 San Antonio de Escazu,2028,-6.15
CON_PAAM,CLUSTER C-3,MEA07,ME-A-07 San Antonio de Escazu,2029,-6.18
CON_PAAM,CLUSTER C-3,MEA07,ME-A-07 San Antonio de Escazu,2030,-6.21
CON_PAAM,CLUSTER C-3,MEA07,ME-A-07 San Antonio de Escazu,2031,-6.24
CON_PAAM,CLUSTER C-3,MEA07,ME-A-07 San Antonio de Escazu,2032,6.77
CON_PAAM,CLUSTER C-3,MEA07,ME-A-07 San Antonio de Escazu,2033,6.16
CON_PAAM,CLUSTER C-3,MEA07,ME-A-07 San Antonio de Escazu,2034,5.55
CON_PAAM,CLUSTER C-3,MEA07,ME-A-07 San Antonio de Escazu,2035,7.63
CON_PAAM,CLUSTER C-3,MEA07,ME-A-07 San Antonio de Escazu,2036,13.05
CON_PAAM,CLUSTER C-3,MEA07,ME-A-07 San Antonio de Escazu,2037,12.89
CON_PAAM,CLUSTER C-3,MEA07,ME-A-07 San Antonio de Escazu,2038,12.73
CON_PAAM,CLUSTER C-3,MEA07,ME-A-07 San Antonio de Escazu,2039,12.57
CON_PAAM,CLUSTER C-3,MEA07,ME-A-07 San Antonio de Escazu,2040,12.41
CON_PAAM,CLUSTER C-1,MEA08,ME-A-08 Los Cuadros,2024,-12.02
CON_PAAM,CLUSTER C-1,MEA08,ME-A-08 Los Cuadros,2025,-9.19
CON_PAAM,CLUSTER C-1,MEA08,ME-A-08 Los Cuadros,2026,-10.87
CON_PAAM,CLUSTER C-1,MEA08,ME-A-08 Los Cuadros,2027,-13.21
CON_PAAM,CLUSTER C-1,MEA08,ME-A-08 Los Cuadros,2028,24.4
CON_PAAM,CLUSTER C-1,MEA08,ME-A-08 Los Cuadros,2029,21.94
CON_PAAM,CLUSTER C-1,MEA08,ME-A-08 Los Cuadros,2030,19.41
CON_PAAM,CLUSTER C-1,MEA08,ME-A-08 Los Cuadros,2031,16.82
CON_PAAM,CLUSTER C-1,MEA08,ME-A-08 Los Cuadros,2032,0.0
CON_PAAM,CLUSTER C-1,MEA08,ME-A-08 Los Cuadros,2033,0.0
CON_PAAM,CLUSTER C-1,MEA08,ME-A-08 Los Cuadros,2034,0.0
CON_PAAM,CLUSTER C-1,MEA08,ME-A-08 Los Cuadros,2035,0.0
CON_PAAM,CLUSTER C-1,MEA08,ME-A-08 Los Cuadros,2036,0.0
CON_PAAM,CLUSTER C-1,MEA08,ME-A-08 Los Cuadros,2037,0.0
CON_PAAM,CLUSTER C-1,MEA08,ME-A-08 Los Cuadros,2038,0.0
CON_PAAM,CLUSTER C-1,MEA08,ME-A-08 Los Cuadros,2039,0.0
CON_PAAM,CLUSTER C-1,MEA08,ME-A-08 Los Cuadros,2040,0.0
CON_PAAM,CLUSTER C-3,MEA09,ME-A-09 Alajuelita,2024,-11.53
CON_PAAM,CLUSTER C-3,MEA09,ME-A-09 Alajuelita,2025,-11.83
CON_PAAM,CLUSTER C-3,MEA09,ME-A-09 Alajuelita,2026,-12.42
CON_PAAM,CLUSTER C-3,MEA09,ME-A-09 Alajuelita,2027,6.89
CON_PAAM,CLUSTER C-3,MEA09,ME-A-09 Alajuelita,2028,6.1
CON_PAAM,CLUSTER C-3,MEA09,ME-A-09 Alajuelita,2029,5.31
CON_PAAM,CLUSTER C-3,MEA09,ME-A-09 Alajuelita,2030,4.49
CON_PAAM,CLUSTER C-3,MEA09,ME-A-09 Alajuelita,2031,3.64
CON_PAAM,CLUSTER C-3,MEA09,ME-A-09 Alajuelita,2032,0.0
CON_PAAM,CLUSTER C-3,MEA09,ME-A-09 Alajuelita,2033,0.0
CON_PAAM,CLUSTER C-3,MEA09,ME-A-09 Alajuelita,2034,0.0
CON_PAAM,CLUSTER C-3,MEA09,ME-A-09 Alajuelita,2035,0.0
CON_PAAM,CLUSTER C-3,MEA09,ME-A-09 Alajuelita,2036,0.0
CON_PAAM,CLUSTER C-3,MEA09,ME-A-09 Alajuelita,2037,0.0
CON_PAAM,CLUSTER C-3,MEA09,ME-A-09 Alajuelita,2038,0.0
CON_PAAM,CLUSTER C-3,MEA09,ME-A-09 Alajuelita,2039,0.0
CON_PAAM,CLUSTER C-3,MEA09,ME-A-09 Alajuelita,2040,0.0
CON_PAAM,CLUSTER C-1,MEA10,ME-A-10 Mata de Plátano,2024,-1.86
CON_PAAM,CLUSTER C-1,MEA10,ME-A-10 Mata de Plátano,2025,-1.07
CON_PAAM,CLUSTER C-1,MEA10,ME-A-10 Mata de Plátano,2026,-1.3
CON_PAAM,CLUSTER C-1,MEA10,ME-A-10 Mata de Plátano,2027,-1.58
CON_PAAM,CLUSTER C-1,MEA10,ME-A-10 Mata de Plátano,2028,-1.89
CON_PAAM,CLUSTER C-1,MEA10,ME-A-10 Mata de Plátano,2029,-2.2
CON_PAAM,CLUSTER C-1,MEA10,ME-A-10 Mata de Plátano,2030,-2.52
CON_PAAM,CLUSTER C-1,MEA10,ME-A-10 Mata de Plátano,2031,-2.85
CON_PAAM,CLUSTER C-1,MEA10,ME-A-10 Mata de Plátano,2032,5.39
CON_PAAM,CLUSTER C-1,MEA10,ME-A-10 Mata de Plátano,2033,4.75
CON_PAAM,CLUSTER C-1,MEA10,ME-A-10 Mata de Plátano,2034,4.38
CON_PAAM,CLUSTER C-1,MEA10,ME-A-10 Mata de Plátano,2035,2.7
CON_PAAM,CLUSTER C-1,MEA10,ME-A-10 Mata de Plátano,2036,1.96
CON_PAAM,CLUSTER C-1,MEA10,ME-A-10 Mata de Plátano,2037,1.78
CON_PAAM,CLUSTER C-1,MEA10,ME-A-10 Mata de Plátano,2038,1.6
CON_PAAM,CLUSTER C-1,MEA10,ME-A-10 Mata de Plátano,2039,1.41
CON_PAAM,CLUSTER C-1,MEA10,ME-A-10 Mata de Plátano,2040,1.23
CON_PAAM,CLUSTER C-6,MEA11,ME-A-11 Guatuso Patarra,2024,-3.34
CON_PAAM,CLUSTER C-6,MEA11,ME-A-11 Guatuso Patarra,2025,-3.0
CON_PAAM,CLUSTER C-6,MEA11,ME-A-11 Guatuso Patarra,2026,-3.22
CON_PAAM,CLUSTER C-6,MEA11,ME-A-11 Guatuso Patarra,2027,-3.47
CON_PAAM,CLUSTER C-6,MEA11,ME-A-11 Guatuso Patarra,2028,-3.76
CON_PAAM,CLUSTER C-6,MEA11,ME-A-11 Guatuso Patarra,2029,-4.06
CON_PAAM,CLUSTER C-6,MEA11,ME-A-11 Guatuso Patarra,2030,-4.36
CON_PAAM,CLUSTER C-6,MEA11,ME-A-11 Guatuso Patarra,2031,-4.68
CON_PAAM,CLUSTER C-6,MEA11,ME-A-11 Guatuso Patarra,2032,2.75
CON_PAAM,CLUSTER C-6,MEA11,ME-A-11 Guatuso Patarra,2033,2.16
CON_PAAM,CLUSTER C-6,MEA11,ME-A-11 Guatuso Patarra,2034,1.58
CON_PAAM,CLUSTER C-6,MEA11,ME-A-11 Guatuso Patarra,2035,1.4
CON_PAAM,CLUSTER C-6,MEA11,ME-A-11 Guatuso Patarra,2036,1.22
CON_PAAM,CLUSTER C-6,MEA11,ME-A-11 Guatuso Patarra,2037,1.04
CON_PAAM,CLUSTER C-6,MEA11,ME-A-11 Guatuso Patarra,2038,0.86
CON_PAAM,CLUSTER C-6,MEA11,ME-A-11 Guatuso Patarra,2039,0.67
CON_PAAM,CLUSTER C-6,MEA11,ME-A-11 Guatuso Patarra,2040,0.49
CON_PAAM,CLUSTER C-5,MEA12,ME-A-12 Quitirrisi (Ciudad Colon),2024,-2.9
CON_PAAM,CLUSTER C-5,MEA12,ME-A-12 Quitirrisi (Ciudad Colon),2025,-3.13
CON_PAAM,CLUSTER C-5,MEA12,ME-A-12 Quitirrisi (Ciudad Colon),2026,-3.29
CON_PAAM,CLUSTER C-5,MEA12,ME-A-12 Quitirrisi (Ciudad Colon),2027,-3.48
CON_PAAM,CLUSTER C-5,MEA12,ME-A-12 Quitirrisi (Ciudad Colon),2028,-3.67
CON_PAAM,CLUSTER C-5,MEA12,ME-A-12 Quitirrisi (Ciudad Colon),2029,-3.88
CON_PAAM,CLUSTER C-5,MEA12,ME-A-12 Quitirrisi (Ciudad Colon),2030,-4.09
CON_PAAM,CLUSTER C-5,MEA12,ME-A-12 Quitirrisi (Ciudad Colon),2031,-4.31
CON_PAAM,CLUSTER C-5,MEA12,ME-A-12 Quitirrisi (Ciudad Colon),2032,10.9
CON_PAAM,CLUSTER C-5,MEA12,ME-A-12 Quitirrisi (Ciudad Colon),2033,10.88
CON_PAAM,CLUSTER C-5,MEA12,ME-A-12 Quitirrisi (Ciudad Colon),2034,10.86
CON_PAAM,CLUSTER C-5,MEA12,ME-A-12 Quitirrisi (Ciudad Colon),2035,10.84
CON_PAAM,CLUSTER C-5,MEA12,ME-A-12 Quitirrisi (Ciudad Colon),2036,10.82
CON_PAAM,CLUSTER C-5,MEA12,ME-A-12 Quitirrisi (Ciudad Colon),2037,10.8
CON_PAAM,CLUSTER C-5,MEA12,ME-A-12 Quitirrisi (Ciudad Colon),2038,10.78
CON_PAAM,CLUSTER C-5,MEA12,ME-A-12 Quitirrisi (Ciudad Colon),2039,10.75
CON_PAAM,CLUSTER C-5,MEA12,ME-A-12 Quitirrisi (Ciudad Colon),2040,10.73
CON_PAAM,CLUSTER C-1,MEA13,ME-A-13 San Jeronimo de Moravia,2024,3.89
CON_PAAM,CLUSTER C-1,MEA13,ME-A-13 San Jeronimo de Moravia,2025,-2.17
CON_PAAM,CLUSTER C-1,MEA13,ME-A-13 San Jeronimo de Moravia,2026,-2.63
CON_PAAM,CLUSTER C-1,MEA13,ME-A-13 San Jeronimo de Moravia,2027,-2.91
CON_PAAM,CLUSTER C-1,MEA13,ME-A-13 San Jeronimo de Moravia,2028,-3.11
CON_PAAM,CLUSTER C-1,MEA13,ME-A-13 San Jeronimo de Moravia,2029,-3.37
CON_PAAM,CLUSTER C-1,MEA13,ME-A-13 San Jeronimo de Moravia,2030,-3.67
CON_PAAM,CLUSTER C-1,MEA13,ME-A-13 San Jeronimo de Moravia,2031,-3.99
CON_PAAM,CLUSTER C-1,MEA13,ME-A-13 San Jeronimo de Moravia,2032,3.49
CON_PAAM,CLUSTER C-1,MEA13,ME-A-13 San Jeronimo de Moravia,2033,2.38
CON_PAAM,CLUSTER C-1,MEA13,ME-A-13 San Jeronimo de Moravia,2034,1.27
CON_PAAM,CLUSTER C-1,MEA13,ME-A-13 San Jeronimo de Moravia,2035,0.93
CON_PAAM,CLUSTER C-1,MEA13,ME-A-13 San Jeronimo de Moravia,2036,0.58
CON_PAAM,CLUSTER C-1,MEA13,ME-A-13 San Jeronimo de Moravia,2037,0.23
CON_PAAM,CLUSTER C-1,MEA13,ME-A-13 San Jeronimo de Moravia,2038,-0.12
CON_PAAM,CLUSTER C-1,MEA13,ME-A-13 San Jeronimo de Moravia,2039,-0.47
CON_PAAM,CLUSTER C-1,MEA13,ME-A-13 San Jeronimo de Moravia,2040,-0.81
CON_PAAM,CLUSTER C-4,MEA14,ME-A-14 San Rafael de Coronado,2024,-9.47
CON_PAAM,CLUSTER C-4,MEA14,ME-A-14 San Rafael de Coronado,2025,-2.43
CON_PAAM,CLUSTER C-4,MEA14,ME-A-14 San Rafael de Coronado,2026,-3.04
CON_PAAM,CLUSTER C-4,MEA14,ME-A-14 San Rafael de Coronado,2027,6.95
CON_PAAM,CLUSTER C-4,MEA14,ME-A-14 San Rafael de Coronado,2028,6.93
CON_PAAM,CLUSTER C-4,MEA14,ME-A-14 San Rafael de Coronado,2029,6.92
CON_PAAM,CLUSTER C-4,MEA14,ME-A-14 San Rafael de Coronado,2030,6.91
CON_PAAM,CLUSTER C-4,MEA14,ME-A-14 San Rafael de Coronado,2031,6.9
CON_PAAM,CLUSTER C-4,MEA14,ME-A-14 San Rafael de Coronado,2032,13.19
CON_PAAM,CLUSTER C-4,MEA14,ME-A-14 San Rafael de Coronado,2033,12.89
CON_PAAM,CLUSTER C-4,MEA14,ME-A-14 San Rafael de Coronado,2034,12.59
CON_PAAM,CLUSTER C-4,MEA14,ME-A-14 San Rafael de Coronado,2035,12.41
CON_PAAM,CLUSTER C-4,MEA14,ME-A-14 San Rafael de Coronado,2036,12.21
CON_PAAM,CLUSTER C-4,MEA14,ME-A-14 San Rafael de Coronado,2037,11.96
CON_PAAM,CLUSTER C-4,MEA14,ME-A-14 San Rafael de Coronado,2038,11.71
CON_PAAM,CLUSTER C-4,MEA14,ME-A-14 San Rafael de Coronado,2039,11.46
CON_PAAM,CLUSTER C-4,MEA14,ME-A-14 San Rafael de Coronado,2040,11.21
CON_PAAM,CLUSTER C-2,MEA15,ME-A-15 San Pablo,2024,3.61
CON_PAAM,CLUSTER C-2,MEA15,ME-A-15 San Pablo,2025,-1.39
CON_PAAM,CLUSTER C-2,MEA15,ME-A-15 San Pablo,2026,-5.0
CON_PAAM,CLUSTER C-2,MEA15,ME-A-15 San Pablo,2027,11.3
CON_PAAM,CLUSTER C-2,MEA15,ME-A-15 San Pablo,2028,47.31
CON_PAAM,CLUSTER C-2,MEA15,ME-A-15 San Pablo,2029,43.04
CON_PAAM,CLUSTER C-2,MEA15,ME-A-15 San Pablo,2030,38.53
CON_PAAM,CLUSTER C-2,MEA15,ME-A-15 San Pablo,2031,33.81
CON_PAAM,CLUSTER C-2,MEA15,ME-A-15 San Pablo,2032,55.34
CON_PAAM,CLUSTER C-2,MEA15,ME-A-15 San Pablo,2033,51.97
CON_PAAM,CLUSTER C-2,MEA15,ME-A-15 San Pablo,2034,48.61
CON_PAAM,CLUSTER C-2,MEA15,ME-A-15 San Pablo,2035,47.73
CON_PAAM,CLUSTER C-2,MEA15,ME-A-15 San Pablo,2036,47.17
CON_PAAM,CLUSTER C-2,MEA15,ME-A-15 San Pablo,2037,46.23
CON_PAAM,CLUSTER C-2,MEA15,ME-A-15 San Pablo,2038,45.3
CON_PAAM,CLUSTER C-2,MEA15,ME-A-15 San Pablo,2039,44.36
CON_PAAM,CLUSTER C-2,MEA15,ME-A-15 San Pablo,2040,43.43
CON_PAAM,CLUSTER C-3,MEA16,ME-A-16 Potrerillos-San Antonio,2024,38.1
CON_PAAM,CLUSTER C-3,MEA16,ME-A-16 Potrerillos-San Antonio,2025,95.79
CON_PAAM,CLUSTER C-3,MEA16,ME-A-16 Potrerillos-San Antonio,2026,89.11
CON_PAAM,CLUSTER C-3,MEA16,ME-A-16 Potrerillos-San Antonio,2027,79.58
CON_PAAM,CLUSTER C-3,MEA16,ME-A-16 Potrerillos-San Antonio,2028,99.67
CON_PAAM,CLUSTER C-3,MEA16,ME-A-16 Potrerillos-San Antonio,2029,89.51
CON_PAAM,CLUSTER C-3,MEA16,ME-A-16 Potrerillos-San Antonio,2030,79.11
CON_PAAM,CLUSTER C-3,MEA16,ME-A-16 Potrerillos-San Antonio,2031,68.44
CON_PAAM,CLUSTER C-3,MEA16,ME-A-16 Potrerillos-San Antonio,2032,280.96
CON_PAAM,CLUSTER C-3,MEA16,ME-A-16 Potrerillos-San Antonio,2033,280.48
CON_PAAM,CLUSTER C-3,MEA16,ME-A-16 Potrerillos-San Antonio,2034,279.99
CON_PAAM,CLUSTER C-3,MEA16,ME-A-16 Potrerillos-San Antonio,2035,278.94
CON_PAAM,CLUSTER C-3,MEA16,ME-A-16 Potrerillos-San Antonio,2036,277.89
CON_PAAM,CLUSTER C-3,MEA16,ME-A-16 Potrerillos-San Antonio,2037,276.83
CON_PAAM,CLUSTER C-3,MEA16,ME-A-16 Potrerillos-San Antonio,2038,275.78
CON_PAAM,CLUSTER C-3,MEA16,ME-A-16 Potrerillos-San Antonio,2039,299.72
CON_PAAM,CLUSTER C-3,MEA16,ME-A-16 Potrerillos-San Antonio,2040,298.66
CON_PAAM,CLUSTER C-2,MEA17,ME-A-17 La Valencia,2024,-77.78
CON_PAAM,CLUSTER C-2,MEA17,ME-A-17 La Valencia,2025,-21.03
CON_PAAM,CLUSTER C-2,MEA17,ME-A-17 La Valencia,2026,-39.79
CON_PAAM,CLUSTER C-2,MEA17,ME-A-17 La Valencia,2027,-13.79
CON_PAAM,CLUSTER C-2,MEA17,ME-A-17 La Valencia,2028,72.17
CON_PAAM,CLUSTER C-2,MEA17,ME-A-17 La Valencia,2029,52.22
CON_PAAM,CLUSTER C-2,MEA17,ME-A-17 La Valencia,2030,31.46
CON_PAAM,CLUSTER C-2,MEA17,ME-A-17 La Valencia,2031,9.95
CON_PAAM,CLUSTER C-2,MEA17,ME-A-17 La Valencia,2032,88.82
CON_PAAM,CLUSTER C-2,MEA17,ME-A-17 La Valencia,2033,81.83
CON_PAAM,CLUSTER C-2,MEA17,ME-A-17 La Valencia,2034,74.84
CON_PAAM,CLUSTER C-2,MEA17,ME-A-17 La Valencia,2035,70.7
CON_PAAM,CLUSTER C-2,MEA17,ME-A-17 La Valencia,2036,66.01
CON_PAAM,CLUSTER C-2,MEA17,ME-A-17 La Valencia,2037,75.13
CON_PAAM,CLUSTER C-2,MEA17,ME-A-17 La Valencia,2038,84.24
CON_PAAM,CLUSTER C-2,MEA17,ME-A-17 La Valencia,2039,78.36
CON_PAAM,CLUSTER C-2,MEA17,ME-A-17 La Valencia,2040,72.48
CON_PAAM,CLUSTER C-6,MEA18,ME-A-18 Sur Alajuelita,2024,-0.72
CON_PAAM,CLUSTER C-6,MEA18,ME-A-18 Sur Alajuelita,2025,-5.16
CON_PAAM,CLUSTER C-6,MEA18,ME-A-18 Sur Alajuelita,2026,4.84
CON_PAAM,CLUSTER C-6,MEA18,ME-A-18 Sur Alajuelita,2027,4.83
CON_PAAM,CLUSTER C-6,MEA18,ME-A-18 Sur Alajuelita,2028,4.83
CON_PAAM,CLUSTER C-6,MEA18,ME-A-18 Sur Alajuelita,2029,4.82
CON_PAAM,CLUSTER C-6,MEA18,ME-A-18 Sur Alajuelita,2030,4.82
CON_PAAM,CLUSTER C-6,MEA18,ME-A-18 Sur Alajuelita,2031,4.81
CON_PAAM,CLUSTER C-6,MEA18,ME-A-18 Sur Alajuelita,2032,9.24
CON_PAAM,CLUSTER C-6,MEA18,ME-A-18 Sur Alajuelita,2033,9.15
CON_PAAM,CLUSTER C-6,MEA18,ME-A-18 Sur Alajuelita,2034,9.07
CON_PAAM,CLUSTER C-6,MEA18,ME-A-18 Sur Alajuelita,2035,8.45
CON_PAAM,CLUSTER C-6,MEA18,ME-A-18 Sur Alajuelita,2036,7.97
CON_PAAM,CLUSTER C-6,MEA18,ME-A-18 Sur Alajuelita,2037,7.94
CON_PAAM,CLUSTER C-6,MEA18,ME-A-18 Sur Alajuelita,2038,7.91
CON_PAAM,CLUSTER C-6,MEA18,ME-A-18 Sur Alajuelita,2039,7.88
CON_PAAM,CLUSTER C-6,MEA18,ME-A-18 Sur Alajuelita,2040,7.85
CON_PAAM,CLUSTER C-3,MEA19,ME-A-19 Puente Mulas,2024,-117.93
CON_PAAM,CLUSTER C-3,MEA19,ME-A-19 Puente Mulas,2025,18.1
CON_PAAM,CLUSTER C-3,MEA19,ME-A-19 Puente Mulas,2026,17.44
CON_PAAM,CLUSTER C-3,MEA19,ME-A-19 Puente Mulas,2027,39.79
CON_PAAM,CLUSTER C-3,MEA19,ME-A-19 Puente Mulas,2028,15.19
CON_PAAM,CLUSTER C-3,MEA19,ME-A-19 Puente Mulas,2029,-10.34
CON_PAAM,CLUSTER C-3,MEA19,ME-A-19 Puente Mulas,2030,-36.73
CON_PAAM,CLUSTER C-3,MEA19,ME-A-19 Puente Mulas,2031,-63.95
CON_PAAM,CLUSTER C-3,MEA19,ME-A-19 Puente Mulas,2032,43.44
CON_PAAM,CLUSTER C-3,MEA19,ME-A-19 Puente Mulas,2033,31.19
CON_PAAM,CLUSTER C-3,MEA19,ME-A-19 Puente Mulas,2034,18.94
CON_PAAM,CLUSTER C-3,MEA19,ME-A-19 Puente Mulas,2035,15.73
CON_PAAM,CLUSTER C-3,MEA19,ME-A-19 Puente Mulas,2036,13.69
CON_PAAM,CLUSTER C-3,MEA19,ME-A-19 Puente Mulas,2037,10.28
CON_PAAM,CLUSTER C-3,MEA19,ME-A-19 Puente Mulas,2038,6.88
CON_PAAM,CLUSTER C-3,MEA19,ME-A-19 Puente Mulas,2039,53.47
CON_PAAM,CLUSTER C-3,MEA19,ME-A-19 Puente Mulas,2040,50.07
CON_PAAM,CLUSTER C-1,MEA20,ME-A-20 Padre Carazo,2024,2.26
CON_PAAM,CLUSTER C-1,MEA20,ME-A-20 Padre Carazo,2025,1.52
CON_PAAM,CLUSTER C-1,MEA20,ME-A-20 Padre Carazo,2026,0.52
CON_PAAM,CLUSTER C-1,MEA20,ME-A-20 Padre Carazo,2027,-0.55
CON_PAAM,CLUSTER C-1,MEA20,ME-A-20 Padre Carazo,2028,-1.76
CON_PAAM,CLUSTER C-1,MEA20,ME-A-20 Padre Carazo,2029,-3.02
CON_PAAM,CLUSTER C-1,MEA20,ME-A-20 Padre Carazo,2030,-4.34
CON_PAAM,CLUSTER C-1,MEA20,ME-A-20 Padre Carazo,2031,-5.71
CON_PAAM,CLUSTER C-1,MEA20,ME-A-20 Padre Carazo,2032,7.51
CON_PAAM,CLUSTER C-1,MEA20,ME-A-20 Padre Carazo,2033,7.04
CON_PAAM,CLUSTER C-1,MEA20,ME-A-20 Padre Carazo,2034,6.57
CON_PAAM,CLUSTER C-1,MEA20,ME-A-20 Padre Carazo,2035,6.09
CON_PAAM,CLUSTER C-1,MEA20,ME-A-20 Padre Carazo,2036,5.6
CON_PAAM,CLUSTER C-1,MEA20,ME-A-20 Padre Carazo,2037,5.12
CON_PAAM,CLUSTER C-1,MEA20,ME-A-20 Padre Carazo,2038,4.62
CON_PAAM,CLUSTER C-1,MEA20,ME-A-20 Padre Carazo,2039,4.12
CON_PAAM,CLUSTER C-1,MEA20,ME-A-20 Padre Carazo,2040,3.62
CON_PAAM,CLUSTER C-4,MEA21,ME-A-21 Chiverrales,2024,-1.3
CON_PAAM,CLUSTER C-4,MEA21,ME-A-21 Chiverrales,2025,-1.13
CON_PAAM,CLUSTER C-4,MEA21,ME-A-21 Chiverrales,2026,-1.4
CON_PAAM,CLUSTER C-4,MEA21,ME-A-21 Chiverrales,2027,-1.69
CON_PAAM,CLUSTER C-4,MEA21,ME-A-21 Chiverrales,2028,-2.0
CON_PAAM,CLUSTER C-4,MEA21,ME-A-21 Chiverrales,2029,-2.32
CON_PAAM,CLUSTER C-4,MEA21,ME-A-21 Chiverrales,2030,-2.64
CON_PAAM,CLUSTER C-4,MEA21,ME-A-21 Chiverrales,2031,-2.98
CON_PAAM,CLUSTER C-4,MEA21,ME-A-21 Chiverrales,2032,28.34
CON_PAAM,CLUSTER C-4,MEA21,ME-A-21 Chiverrales,2033,25.19
CON_PAAM,CLUSTER C-4,MEA21,ME-A-21 Chiverrales,2034,22.03
CON_PAAM,CLUSTER C-4,MEA21,ME-A-21 Chiverrales,2035,14.7
CON_PAAM,CLUSTER C-4,MEA21,ME-A-21 Chiverrales,2036,7.36
CON_PAAM,CLUSTER C-4,MEA21,ME-A-21 Chiverrales,2037,6.51
CON_PAAM,CLUSTER C-4,MEA21,ME-A-21 Chiverrales,2038,5.67
CON_PAAM,CLUSTER C-4,MEA21,ME-A-21 Chiverrales,2039,4.82
CON_PAAM,CLUSTER C-4,MEA21,ME-A-21 Chiverrales,2040,3.97
CON_PAAM,CLUSTER C-1,MEA22,ME-A-22 Pizote,2024,-10.47
CON_PAAM,CLUSTER C-1,MEA22,ME-A-22 Pizote,2025,-1.09
CON_PAAM,CLUSTER C-1,MEA22,ME-A-22 Pizote,2026,-1.76
CON_PAAM,CLUSTER C-1,MEA22,ME-A-22 Pizote,2027,-2.65
CON_PAAM,CLUSTER C-1,MEA22,ME-A-22 Pizote,2028,-3.64
CON_PAAM,CLUSTER C-1,MEA22,ME-A-22 Pizote,2029,-4.65
CON_PAAM,CLUSTER C-1,MEA22,ME-A-22 Pizote,2030,-5.7
CON_PAAM,CLUSTER C-1,MEA22,ME-A-22 Pizote,2031,-6.76
CON_PAAM,CLUSTER C-1,MEA22,ME-A-22 Pizote,2032,-6.4
CON_PAAM,CLUSTER C-1,MEA22,ME-A-22 Pizote,2033,-6.73
CON_PAAM,CLUSTER C-1,MEA22,ME-A-22 Pizote,2034,-7.07
CON_PAAM,CLUSTER C-1,MEA22,ME-A-22 Pizote,2035,-7.41
CON_PAAM,CLUSTER C-1,MEA22,ME-A-22 Pizote,2036,-7.75
CON_PAAM,CLUSTER C-1,MEA22,ME-A-22 Pizote,2037,-8.1
CON_PAAM,CLUSTER C-1,MEA22,ME-A-22 Pizote,2038,-8.45
CON_PAAM,CLUSTER C-1,MEA22,ME-A-22 Pizote,2039,-8.8
CON_PAAM,CLUSTER C-1,MEA22,ME-A-22 Pizote,2040,-9.15
CON_PAAM,CLUSTER C-3,MEA23,ME-A-23 Barrio Espana,2024,0.95
CON_PAAM,CLUSTER C-3,MEA23,ME-A-23 Barrio Espana,2025,-0.27
CON_PAAM,CLUSTER C-3,MEA23,ME-A-23 Barrio Espana,2026,-0.36
CON_PAAM,CLUSTER C-3,MEA23,ME-A-23 Barrio Espana,2027,-0.49
CON_PAAM,CLUSTER C-3,MEA23,ME-A-23 Barrio Espana,2028,-0.64
CON_PAAM,CLUSTER C-3,MEA23,ME-A-23 Barrio Espana,2029,-0.79
CON_PAAM,CLUSTER C-3,MEA23,ME-A-23 Barrio Espana,2030,-0.95
CON_PAAM,CLUSTER C-3,MEA23,ME-A-23 Barrio Espana,2031,-1.1
CON_PAAM,CLUSTER C-3,MEA23,ME-A-23 Barrio Espana,2032,3.24
CON_PAAM,CLUSTER C-3,MEA23,ME-A-23 Barrio Espana,2033,2.92
CON_PAAM,CLUSTER C-3,MEA23,ME-A-23 Barrio Espana,2034,2.59
CON_PAAM,CLUSTER C-3,MEA23,ME-A-23 Barrio Espana,2035,2.27
CON_PAAM,CLUSTER C-3,MEA23,ME-A-23 Barrio Espana,2036,2.21
CON_PAAM,CLUSTER C-3,MEA23,ME-A-23 Barrio Espana,2037,2.07
CON_PAAM,CLUSTER C-3,MEA23,ME-A-23 Barrio Espana,2038,2.03
CON_PAAM,CLUSTER C-3,MEA23,ME-A-23 Barrio Espana,2039,2.0
CON_PAAM,CLUSTER C-3,MEA23,ME-A-23 Barrio Espana,2040,1.96
CON_PAAM,CLUSTER C-6,MEA24,ME-A-24 Matinilla,2024,-1.52
CON_PAAM,CLUSTER C-6,MEA24,ME-A-24 Matinilla,2025,-1.95
CON_PAAM,CLUSTER C-6,MEA24,ME-A-24 Matinilla,2026,-1.97
CON_PAAM,CLUSTER C-6,MEA24,ME-A-24 Matinilla,2027,-1.99
CON_PAAM,CLUSTER C-6,MEA24,ME-A-24 Matinilla,2028,-2.03
CON_PAAM,CLUSTER C-6,MEA24,ME-A-24 Matinilla,2029,-2.06
CON_PAAM,CLUSTER C-6,MEA24,ME-A-24 Matinilla,2030,-2.09
CON_PAAM,CLUSTER C-6,MEA24,ME-A-24 Matinilla,2031,-2.12
CON_PAAM,CLUSTER C-6,MEA24,ME-A-24 Matinilla,2032,4.29
CON_PAAM,CLUSTER C-6,MEA24,ME-A-24 Matinilla,2033,4.29
CON_PAAM,CLUSTER C-6,MEA24,ME-A-24 Matinilla,2034,4.29
CON_PAAM,CLUSTER C-6,MEA24,ME-A-24 Matinilla,2035,4.29
CON_PAAM,CLUSTER C-6,MEA24,ME-A-24 Matinilla,2036,4.29
CON_PAAM,CLUSTER C-6,MEA24,ME-A-24 Matinilla,2037,4.29
CON_PAAM,CLUSTER C-6,MEA24,ME-A-24 Matinilla,2038,4.29
CON_PAAM,CLUSTER C-6,MEA24,ME-A-24 Matinilla,2039,4.29
CON_PAAM,CLUSTER C-6,MEA24,ME-A-24 Matinilla,2040,4.29
CON_PAAM,CLUSTER C-3,MEA25,ME-A-25 Sur de Escazu,2024,0.0
CON_PAAM,CLUSTER C-3,MEA25,ME-A-25 Sur de Escazu,2025,-0.5
CON_PAAM,CLUSTER C-3,MEA25,ME-A-25 Sur de Escazu,2026,-0.51
CON_PAAM,CLUSTER C-3,MEA25,ME-A-25 Sur de Escazu,2027,-0.52
CON_PAAM,CLUSTER C-3,MEA25,ME-A-25 Sur de Escazu,2028,-0.55
CON_PAAM,CLUSTER C-3,MEA25,ME-A-25 Sur de Escazu,2029,-0.56
CON_PAAM,CLUSTER C-3,MEA25,ME-A-25 Sur de Escazu,2030,-0.57
CON_PAAM,CLUSTER C-3,MEA25,ME-A-25 Sur de Escazu,2031,-0.59
CON_PAAM,CLUSTER C-3,MEA25,ME-A-25 Sur de Escazu,2032,10.4
CON_PAAM,CLUSTER C-3,MEA25,ME-A-25 Sur de Escazu,2033,10.4
CON_PAAM,CLUSTER C-3,MEA25,ME-A-25 Sur de Escazu,2034,10.4
CON_PAAM,CLUSTER C-3,MEA25,ME-A-25 Sur de Escazu,2035,10.4
CON_PAAM,CLUSTER C-3,MEA25,ME-A-25 Sur de Escazu,2036,10.4
CON_PAAM,CLUSTER C-3,MEA25,ME-A-25 Sur de Escazu,2037,10.4
CON_PAAM,CLUSTER C-3,MEA25,ME-A-25 Sur de Escazu,2038,10.4
CON_PAAM,CLUSTER C-3,MEA25,ME-A-25 Sur de Escazu,2039,10.4
CON_PAAM,CLUSTER C-3,MEA25,ME-A-25 Sur de Escazu,2040,10.4
CON_PAAM,CLUSTER C-5,MEA26,ME-A-26 Ticufres-Quebrada Honda,2024,-0.46
CON_PAAM,CLUSTER C-5,MEA26,ME-A-26 Ticufres-Quebrada Honda,2025,-0.17
CON_PAAM,CLUSTER C-5,MEA26,ME-A-26 Ticufres-Quebrada Honda,2026,-0.18
CON_PAAM,CLUSTER C-5,MEA26,ME-A-26 Ticufres-Quebrada Honda,2027,-0.21
CON_PAAM,CLUSTER C-5,MEA26,ME-A-26 Ticufres-Quebrada Honda,2028,-0.24
CON_PAAM,CLUSTER C-5,MEA26,ME-A-26 Ticufres-Quebrada Honda,2029,-0.27
CON_PAAM,CLUSTER C-5,MEA26,ME-A-26 Ticufres-Quebrada Honda,2030,-0.3
CON_PAAM,CLUSTER C-5,MEA26,ME-A-26 Ticufres-Quebrada Honda,2031,-0.33
CON_PAAM,CLUSTER C-5,MEA26,ME-A-26 Ticufres-Quebrada Honda,2032,1.17
CON_PAAM,CLUSTER C-5,MEA26,ME-A-26 Ticufres-Quebrada Honda,2033,1.17
CON_PAAM,CLUSTER C-5,MEA26,ME-A-26 Ticufres-Quebrada Honda,2034,1.17
CON_PAAM,CLUSTER C-5,MEA26,ME-A-26 Ticufres-Quebrada Honda,2035,1.17
CON_PAAM,CLUSTER C-5,MEA26,ME-A-26 Ticufres-Quebrada Honda,2036,1.17
CON_PAAM,CLUSTER C-5,MEA26,ME-A-26 Ticufres-Quebrada Honda,2037,1.17
CON_PAAM,CLUSTER C-5,MEA26,ME-A-26 Ticufres-Quebrada Honda,2038,1.17
CON_PAAM,CLUSTER C-5,MEA26,ME-A-26 Ticufres-Quebrada Honda,2039,1.17
CON_PAAM,CLUSTER C-5,MEA26,ME-A-26 Ticufres-Quebrada Honda,2040,1.17
CON_PAAM,CLUSTER C-6,MEA27,ME-A-27 El Guarco,2024,-3.69
CON_PAAM,CLUSTER C-6,MEA27,ME-A-27 El Guarco,2025,-8.57
CON_PAAM,CLUSTER C-6,MEA27,ME-A-27 El Guarco,2026,-5.9
CON_PAAM,CLUSTER C-6,MEA27,ME-A-27 El Guarco,2027,-6.4
CON_PAAM,CLUSTER C-6,MEA27,ME-A-27 El Guarco,2028,-7.1
CON_PAAM,CLUSTER C-6,MEA27,ME-A-27 El Guarco,2029,-7.93
CON_PAAM,CLUSTER C-6,MEA27,ME-A-27 El Guarco,2030,-8.87
CON_PAAM,CLUSTER C-6,MEA27,ME-A-27 El Guarco,2031,-9.91
CON_PAAM,CLUSTER C-6,MEA27,ME-A-27 El Guarco,2032,20.18
CON_PAAM,CLUSTER C-6,MEA27,ME-A-27 El Guarco,2033,20.18
CON_PAAM,CLUSTER C-6,MEA27,ME-A-27 El Guarco,2034,20.18
CON_PAAM,CLUSTER C-6,MEA27,ME-A-27 El Guarco,2035,20.18
CON_PAAM,CLUSTER C-6,MEA27,ME-A-27 El Guarco,2036,20.18
CON_PAAM,CLUSTER C-6,MEA27,ME-A-27 El Guarco,2037,20.18
CON_PAAM,CLUSTER C-6,MEA27,ME-A-27 El Guarco,2038,20.18
CON_PAAM,CLUSTER C-6,MEA27,ME-A-27 El Guarco,2039,20.18
CON_PAAM,CLUSTER C-6,MEA27,ME-A-27 El Guarco,2040,20.18
CON_PAAM,CLUSTER C-1,MEA28,ME-A-28 Vista de Mar,2024,0.75
CON_PAAM,CLUSTER C-1,MEA28,ME-A-28 Vista de Mar,2025,3.1
CON_PAAM,CLUSTER C-1,MEA28,ME-A-28 Vista de Mar,2026,2.92
CON_PAAM,CLUSTER C-1,MEA28,ME-A-28 Vista de Mar,2027,2.72
CON_PAAM,CLUSTER C-1,MEA28,ME-A-28 Vista de Mar,2028,-1.5
CON_PAAM,CLUSTER C-1,MEA28,ME-A-28 Vista de Mar,2029,-1.72
CON_PAAM,CLUSTER C-1,MEA28,ME-A-28 Vista de Mar,2030,-1.95
CON_PAAM,CLUSTER C-1,MEA28,ME-A-28 Vista de Mar,2031,-2.19
CON_PAAM,CLUSTER C-1,MEA28,ME-A-28 Vista de Mar,2032,-0.64
CON_PAAM,CLUSTER C-1,MEA28,ME-A-28 Vista de Mar,2033,-0.64
CON_PAAM,CLUSTER C-1,MEA28,ME-A-28 Vista de Mar,2034,-0.64
CON_PAAM,CLUSTER C-1,MEA28,ME-A-28 Vista de Mar,2035,-0.64
CON_PAAM,CLUSTER C-1,MEA28,ME-A-28 Vista de Mar,2036,-0.64
CON_PAAM,CLUSTER C-1,MEA28,ME-A-28 Vista de Mar,2037,-0.64
CON_PAAM,CLUSTER C-1,MEA28,ME-A-28 Vista de Mar,2038,-0.64
CON_PAAM,CLUSTER C-1,MEA28,ME-A-28 Vista de Mar,2039,-0.64
CON_PAAM,CLUSTER C-1,MEA28,ME-A-28 Vista de Mar,2040,-0.64
CON_PAAM,CLUSTER C-6,MEA29,ME-A-29 Lajas,2024,0.25
CON_PAAM,CLUSTER C-6,MEA29,ME-A-29 Lajas,2025,-1.43
CON_PAAM,CLUSTER C-6,MEA29,ME-A-29 Lajas,2026,-1.46
CON_PAAM,CLUSTER C-6,MEA29,ME-A-29 Lajas,2027,-1.48
CON_PAAM,CLUSTER C-6,MEA29,ME-A-29 Lajas,2028,-1.51
CON_PAAM,CLUSTER C-6,MEA29,ME-A-29 Lajas,2029,-1.53
CON_PAAM,CLUSTER C-6,MEA29,ME-A-29 Lajas,2030,-1.55
CON_PAAM,CLUSTER C-6,MEA29,ME-A-29 Lajas,2031,-1.58
CON_PAAM,CLUSTER C-6,MEA29,ME-A-29 Lajas,2032,2.14
CON_PAAM,CLUSTER C-6,MEA29,ME-A-29 Lajas,2033,2.14
CON_PAAM,CLUSTER C-6,MEA29,ME-A-29 Lajas,2034,2.14
CON_PAAM,CLUSTER C-6,MEA29,ME-A-29 Lajas,2035,2.14
CON_PAAM,CLUSTER C-6,MEA29,ME-A-29 Lajas,2036,2.14
CON_PAAM,CLUSTER C-6,MEA29,ME-A-29 Lajas,2037,2.14
CON_PAAM,CLUSTER C-6,MEA29,ME-A-29 Lajas,2038,2.14
CON_PAAM,CLUSTER C-6,MEA29,ME-A-29 Lajas,2039,2.14
CON_PAAM,CLUSTER C-6,MEA29,ME-A-29 Lajas,2040,2.14
CON_PAAM,CLUSTER C-6,MEA30,ME-A-30 Jerico,2024,-0.74
CON_PAAM,CLUSTER C-6,MEA30,ME-A-30 Jerico,2025,2.37
CON_PAAM,CLUSTER C-6,MEA30,ME-A-30 Jerico,2026,7.36
CON_PAAM,CLUSTER C-6,MEA30,ME-A-30 Jerico,2027,7.36
CON_PAAM,CLUSTER C-6,MEA30,ME-A-30 Jerico,2028,7.35
CON_PAAM,CLUSTER C-6,MEA30,ME-A-30 Jerico,2029,7.34
CON_PAAM,CLUSTER C-6,MEA30,ME-A-30 Jerico,2030,7.34
CON_PAAM,CLUSTER C-6,MEA30,ME-A-30 Jerico,2031,7.33
CON_PAAM,CLUSTER C-6,MEA30,ME-A-30 Jerico,2032,5.72
CON_PAAM,CLUSTER C-6,MEA30,ME-A-30 Jerico,2033,5.72
CON_PAAM,CLUSTER C-6,MEA30,ME-A-30 Jerico,2034,5.72
CON_PAAM,CLUSTER C-6,MEA30,ME-A-30 Jerico,2035,5.72
CON_PAAM,CLUSTER C-6,MEA30,ME-A-30 Jerico,2036,5.72
CON_PAAM,CLUSTER C-6,MEA30,ME-A-30 Jerico,2037,5.72
CON_PAAM,CLUSTER C-6,MEA30,ME-A-30 Jerico,2038,5.72
CON_PAAM,CLUSTER C-6,MEA30,ME-A-30 Jerico,2039,5.72
CON_PAAM,CLUSTER C-6,MEA30,ME-A-30 Jerico,2040,5.72
CON_PAAM,CLUSTER C-5,MEA31,ME-A-31 Puriscal,2024,-0.83
CON_PAAM,CLUSTER C-5,MEA31,ME-A-31 Puriscal,2025,-2.63
CON_PAAM,CLUSTER C-5,MEA31,ME-A-31 Puriscal,2026,-4.52
CON_PAAM,CLUSTER C-5,MEA31,ME-A-31 Puriscal,2027,-6.69
CON_PAAM,CLUSTER C-5,MEA31,ME-A-31 Puriscal,2028,-9.06
CON_PAAM,CLUSTER C-5,MEA31,ME-A-31 Puriscal,2029,-11.5
CON_PAAM,CLUSTER C-5,MEA31,ME-A-31 Puriscal,2030,-14.03
CON_PAAM,CLUSTER C-5,MEA31,ME-A-31 Puriscal,2031,-16.62
CON_PAAM,CLUSTER C-5,MEA31,ME-A-31 Puriscal,2032,13.82
CON_PAAM,CLUSTER C-5,MEA31,ME-A-31 Puriscal,2033,13.82
CON_PAAM,CLUSTER C-5,MEA31,ME-A-31 Puriscal,2034,13.82
CON_PAAM,CLUSTER C-5,MEA31,ME-A-31 Puriscal,2035,13.82
CON_PAAM,CLUSTER C-5,MEA31,ME-A-31 Puriscal,2036,13.82
CON_PAAM,CLUSTER C-5,MEA31,ME-A-31 Puriscal,2037,13.82
CON_PAAM,CLUSTER C-5,MEA31,ME-A-31 Puriscal,2038,13.82
CON_PAAM,CLUSTER C-5,MEA31,ME-A-31 Puriscal,2039,13.82
CON_PAAM,CLUSTER C-5,MEA31,ME-A-31 Puriscal,2040,13.82
CON_PAAM,PAAM / RESERVA,MEA32,ME-A-32-PAAM (RESERVA),2024,0.0
CON_PAAM,PAAM / RESERVA,MEA32,ME-A-32-PAAM (RESERVA),2025,0.0
CON_PAAM,PAAM / RESERVA,MEA32,ME-A-32-PAAM (RESERVA),2026,0.0
CON_PAAM,PAAM / RESERVA,MEA32,ME-A-32-PAAM (RESERVA),2027,0.0
CON_PAAM,PAAM / RESERVA,MEA32,ME-A-32-PAAM (RESERVA),2028,0.0
CON_PAAM,PAAM / RESERVA,MEA32,ME-A-32-PAAM (RESERVA),2029,0.0
CON_PAAM,PAAM / RESERVA,MEA32,ME-A-32-PAAM (RESERVA),2030,0.0
CON_PAAM,PAAM / RESERVA,MEA32,ME-A-32-PAAM (RESERVA),2031,0.0
CON_PAAM,PAAM / RESERVA,MEA32,ME-A-32-PAAM (RESERVA),2032,777.19
CON_PAAM,PAAM / RESERVA,MEA32,ME-A-32-PAAM (RESERVA),2033,637.34
CON_PAAM,PAAM / RESERVA,MEA32,ME-A-32-PAAM (RESERVA),2034,610.67
CON_PAAM,PAAM / RESERVA,MEA32,ME-A-32-PAAM (RESERVA),2035,590.0
CON_PAAM,PAAM / RESERVA,MEA32,ME-A-32-PAAM (RESERVA),2036,575.58
CON_PAAM,PAAM / RESERVA,MEA32,ME-A-32-PAAM (RESERVA),2037,586.16
CON_PAAM,PAAM / RESERVA,MEA32,ME-A-32-PAAM (RESERVA),2038,571.74
CON_PAAM,PAAM / RESERVA,MEA32,ME-A-32-PAAM (RESERVA),2039,557.32
CON_PAAM,PAAM / RESERVA,MEA32,ME-A-32-PAAM (RESERVA),2040,542.9
